,a0c0,a1c0,a2c0,a3c0,dist_x,dist_y,time
0,-59.0,-74.0,-76.0,-85.0,1.0,3.1,00:01:53:500
1,-57.0,-74.0,-76.0,-85.0,1.0,3.1,00:01:53:928
2,-57.0,-74.0,-76.0,-84.0,1.0,3.1,00:01:54:671
3,-54.0,-74.0,-85.0,-80.0,1.0,3.1,00:01:54:873
4,-57.0,-73.0,-76.0,-85.0,1.0,3.1,00:01:55:082
5,-40.0,-74.0,-85.0,-80.0,1.0,3.1,00:01:55:290
6,-57.0,-74.0,-76.0,-85.0,1.0,3.1,00:01:55:502
7,-57.0,-74.0,-76.0,-85.0,1.0,3.1,00:01:55:921
8,-46.0,-74.0,-90.0,-80.0,1.0,3.1,00:01:56:131
9,-57.0,-74.0,-76.0,-84.0,1.0,3.1,00:01:56:339
10,-54.0,-74.0,-89.0,-80.0,1.0,3.1,00:01:56:551
11,-54.0,-74.0,-76.0,-85.0,1.0,3.1,00:01:56:963
12,-47.0,-64.0,-86.0,-85.0,1.0,3.1,00:01:57:174
13,-54.0,-74.0,-76.0,-80.0,1.0,3.1,00:01:57:389
14,-45.0,-65.0,-85.0,-84.0,1.0,3.1,00:01:57:594
15,-57.0,-73.0,-76.0,-79.0,1.0,3.1,00:01:57:806
16,-45.0,-74.0,-85.0,-80.0,1.0,3.1,00:01:58:018
17,-54.0,-73.0,-88.0,-80.0,1.0,3.1,00:01:58:227
18,-54.0,-74.0,-86.0,-80.0,1.0,3.1,00:01:58:440
19,-57.0,-73.0,-76.0,-84.0,1.0,3.1,00:01:58:647
20,-44.0,-74.0,-85.0,-80.0,1.0,3.1,00:01:58:863
21,-56.0,-73.0,-76.0,-84.0,1.0,3.1,00:01:59:082
22,-57.0,-74.0,-76.0,-85.0,1.0,3.1,00:01:59:490
23,-56.0,-74.0,-76.0,-84.0,1.0,3.1,00:01:59:910
24,-54.0,-74.0,-90.0,-79.0,1.0,3.1,00:02:00:127
25,-54.0,-74.0,-76.0,-79.0,1.0,3.1,00:02:00:544
26,-46.0,-64.0,-86.0,-84.0,1.0,3.1,00:02:00:747
27,-54.0,-74.0,-76.0,-80.0,1.0,3.1,00:02:00:960
28,-44.0,-66.0,-86.0,-84.0,1.0,3.1,00:02:01:167
29,-54.0,-73.0,-76.0,-80.0,1.0,3.1,00:02:01:379
30,-46.0,-74.0,-86.0,-79.0,1.0,3.1,00:02:01:593
31,-57.0,-73.0,-89.0,-79.0,1.0,3.1,00:02:01:804
32,-54.0,-76.0,-84.0,-80.0,1.0,3.1,00:02:02:014
33,-54.0,-74.0,-85.0,-80.0,1.0,3.1,00:02:02:424
34,-57.0,-74.0,-76.0,-84.0,1.0,3.1,00:02:02:630
35,-46.0,-74.0,-85.0,-80.0,1.0,3.1,00:02:02:838
36,-57.0,-73.0,-76.0,-84.0,1.0,3.1,00:02:03:040
37,-57.0,-74.0,-76.0,-84.0,1.0,3.1,00:02:03:457
38,-57.0,-73.0,-76.0,-84.0,1.0,3.1,00:02:04:178
39,-46.0,-74.0,-85.0,-80.0,1.0,3.1,00:02:04:395
40,-57.0,-74.0,-89.0,-85.0,1.0,3.1,00:02:04:602
41,-54.0,-73.0,-76.0,-85.0,1.0,3.1,00:02:05:016
42,-46.0,-74.0,-86.0,-80.0,1.0,3.1,00:02:05:223
43,-56.0,-73.0,-76.0,-85.0,1.0,3.1,00:02:05:426
44,-57.0,-73.0,-77.0,-84.0,1.0,3.1,00:02:05:842
45,-57.0,-74.0,-76.0,-85.0,1.0,3.1,00:02:06:252
46,-56.0,-73.0,-76.0,-84.0,1.0,3.1,00:02:06:665
47,-54.0,-75.0,-85.0,-80.0,1.0,3.1,00:02:07:192
48,-57.0,-73.0,-75.0,-84.0,1.0,3.1,00:02:07:398
49,-46.0,-74.0,-86.0,-80.0,1.0,3.1,00:02:07:599
50,-57.0,-73.0,-75.0,-86.0,1.0,3.1,00:02:07:805
51,-54.0,-73.0,-75.0,-85.0,1.0,3.1,00:02:08:226
52,-54.0,-73.0,-76.0,-84.0,1.0,3.1,00:02:08:654
53,-46.0,-74.0,-90.0,-80.0,1.0,3.1,00:02:08:861
54,-59.0,-73.0,-76.0,-84.0,1.0,3.1,00:02:09:070
55,-54.0,-74.0,-76.0,-80.0,1.0,3.1,00:02:09:285
56,-46.0,-64.0,-86.0,-84.0,1.0,3.1,00:02:09:497
57,-46.0,-68.0,-86.0,-84.0,1.0,3.1,00:02:09:911
58,-54.0,-73.0,-76.0,-85.0,1.0,3.1,00:02:10:120
59,-46.0,-74.0,-86.0,-80.0,1.0,3.1,00:02:10:332
60,-46.0,-74.0,-86.0,-80.0,1.0,3.1,00:02:10:748
61,-57.0,-73.0,-89.0,-84.0,1.0,3.1,00:02:10:954
62,-55.0,-74.0,-86.0,-80.0,1.0,3.1,00:02:11:163
63,-57.0,-73.0,-76.0,-84.0,1.0,3.1,00:02:11:367
64,-46.0,-74.0,-86.0,-80.0,1.0,3.1,00:02:11:580
65,-56.0,-74.0,-76.0,-85.0,1.0,3.1,00:02:11:789
66,-57.0,-73.0,-76.0,-84.0,1.0,3.1,00:02:12:214
67,-57.0,-75.0,-76.0,-85.0,1.0,3.1,00:02:12:631
68,-54.0,-74.0,-90.0,-80.0,1.0,3.1,00:02:12:848
69,-46.0,-73.0,-85.0,-84.0,1.0,3.1,00:02:13:058
70,-54.0,-74.0,-76.0,-80.0,1.0,3.1,00:02:13:273
71,-46.0,-67.0,-85.0,-84.0,1.0,3.1,00:02:13:488
72,-54.0,-73.0,-75.0,-80.0,1.0,3.1,00:02:13:693
73,-46.0,-66.0,-85.0,-85.0,1.0,3.1,00:02:13:900
74,-57.0,-73.0,-76.0,-85.0,1.0,3.1,00:02:14:116
75,-56.0,-73.0,-75.0,-85.0,1.0,3.1,00:02:14:543
76,-54.0,-74.0,-86.0,-80.0,1.0,3.1,00:02:14:751
77,-57.0,-73.0,-75.0,-84.0,1.0,3.1,00:02:14:966
78,-57.0,-73.0,-75.0,-85.0,1.0,3.1,00:02:15:390
79,-54.0,-74.0,-86.0,-80.0,1.0,3.1,00:02:15:923
80,-57.0,-73.0,-75.0,-84.0,1.0,3.1,00:02:16:137
81,-46.0,-74.0,-86.0,-80.0,1.0,3.1,00:02:16:350
82,-57.0,-73.0,-76.0,-85.0,1.0,3.1,00:02:16:564
83,-57.0,-73.0,-76.0,-84.0,1.0,3.1,00:02:17:411
84,-54.0,-74.0,-76.0,-80.0,1.0,3.1,00:02:17:619
85,-46.0,-73.0,-85.0,-84.0,1.0,3.1,00:02:17:829
86,-54.0,-74.0,-76.0,-80.0,1.0,3.1,00:02:18:037
87,-46.0,-65.0,-85.0,-85.0,1.0,3.1,00:02:18:248
88,-54.0,-73.0,-75.0,-80.0,1.0,3.1,00:02:18:460
89,-57.0,-73.0,-90.0,-80.0,1.0,3.1,00:02:18:894
90,-57.0,-73.0,-90.0,-84.0,1.0,3.1,00:02:19:310
91,-54.0,-74.0,-84.0,-80.0,1.0,3.1,00:02:19:513
92,-54.0,-73.0,-76.0,-84.0,1.0,3.1,00:02:19:717
93,-40.0,-74.0,-85.0,-80.0,1.0,3.1,00:02:19:921
94,-57.0,-73.0,-76.0,-86.0,1.0,3.1,00:02:20:129
95,-57.0,-73.0,-75.0,-85.0,1.0,3.1,00:02:20:557
96,-57.0,-73.0,-89.0,-84.0,1.0,3.1,00:02:21:289
97,-54.0,-74.0,-86.0,-80.0,1.0,3.1,00:02:21:497
98,-57.0,-73.0,-76.0,-85.0,1.0,3.1,00:02:21:709
99,-46.0,-74.0,-85.0,-80.0,1.0,3.1,00:02:21:912
100,-57.0,-73.0,-76.0,-85.0,1.0,3.1,00:02:22:122
101,-57.0,-73.0,-76.0,-84.0,1.0,3.1,00:02:22:545
102,-57.0,-73.0,-75.0,-85.0,1.0,3.1,00:02:22:962
103,-46.0,-74.0,-89.0,-79.0,1.0,3.1,00:02:23:172
104,-59.0,-73.0,-76.0,-85.0,1.0,3.1,00:02:23:381
105,-54.0,-74.0,-76.0,-80.0,1.0,3.1,00:02:23:588
106,-46.0,-73.0,-85.0,-84.0,1.0,3.1,00:02:23:798
107,-54.0,-74.0,-76.0,-79.0,1.0,3.1,00:02:24:009
108,-46.0,-66.0,-85.0,-85.0,1.0,3.1,00:02:24:214
109,-54.0,-73.0,-76.0,-80.0,1.0,3.1,00:02:24:427
110,-46.0,-64.0,-85.0,-80.0,1.0,3.1,00:02:24:641
111,-54.0,-73.0,-75.0,-80.0,1.0,3.1,00:02:24:851
112,-54.0,-74.0,-76.0,-80.0,1.0,3.1,00:02:25:585
113,-47.0,-65.0,-86.0,-84.0,1.0,3.1,00:02:25:797
114,-54.0,-74.0,-76.0,-80.0,1.0,3.1,00:02:26:000
115,-48.0,-66.0,-85.0,-85.0,1.0,3.1,00:02:26:205
116,-54.0,-74.0,-75.0,-84.0,1.0,3.1,00:02:26:416
117,-46.0,-64.0,-86.0,-80.0,1.0,3.1,00:02:26:629
118,-46.0,-74.0,-86.0,-80.0,1.0,3.1,00:02:27:040
119,-57.0,-74.0,-89.0,-80.0,1.0,3.1,00:02:27:245
120,-54.0,-75.0,-85.0,-80.0,1.0,3.1,00:02:27:459
121,-57.0,-74.0,-75.0,-85.0,1.0,3.1,00:02:27:674
122,-54.0,-75.0,-85.0,-79.0,1.0,3.1,00:02:27:881
123,-59.0,-74.0,-76.0,-84.0,1.0,3.1,00:02:28:093
124,-57.0,-74.0,-76.0,-84.0,1.0,3.1,00:02:28:515
125,-57.0,-74.0,-76.0,-84.0,1.0,3.1,00:02:28:934
126,-59.0,-74.0,-85.0,-84.0,1.0,3.1,00:02:29:354
127,-54.0,-75.0,-75.0,-80.0,1.0,3.1,00:02:29:564
128,-54.0,-74.0,-76.0,-80.0,1.0,3.1,00:02:29:981
129,-46.0,-68.0,-85.0,-84.0,1.0,3.1,00:02:30:198
130,-56.0,-73.0,-75.0,-80.0,1.0,3.1,00:02:30:406
131,-47.0,-74.0,-86.0,-80.0,1.0,3.1,00:02:30:617
132,-56.0,-73.0,-90.0,-80.0,1.0,3.1,00:02:30:823
133,-54.0,-74.0,-86.0,-80.0,1.0,3.1,00:02:31:037
134,-57.0,-74.0,-75.0,-85.0,1.0,3.1,00:02:31:241
135,-46.0,-74.0,-86.0,-79.0,1.0,3.1,00:02:31:456
136,-57.0,-74.0,-75.0,-84.0,1.0,3.1,00:02:31:668
137,-59.0,-73.0,-75.0,-85.0,1.0,3.1,00:02:32:090
138,-46.0,-74.0,-90.0,-80.0,1.0,3.1,00:02:32:305
139,-57.0,-73.0,-75.0,-84.0,1.0,3.1,00:02:32:515
140,-46.0,-74.0,-86.0,-85.0,1.0,3.1,00:02:32:936
141,-54.0,-74.0,-76.0,-80.0,1.0,3.1,00:02:33:149
142,-46.0,-66.0,-86.0,-80.0,1.0,3.1,00:02:33:776
143,-57.0,-73.0,-75.0,-79.0,1.0,3.1,00:02:33:985
144,-45.0,-74.0,-85.0,-80.0,1.0,3.1,00:02:34:201
145,-57.0,-73.0,-90.0,-85.0,1.0,3.1,00:02:34:410
146,-54.0,-74.0,-85.0,-80.0,1.0,3.1,00:02:34:614
147,-57.0,-73.0,-76.0,-85.0,1.0,3.1,00:02:34:825
148,-46.0,-74.0,-84.0,-79.0,1.0,3.1,00:02:35:036
149,-56.0,-73.0,-75.0,-84.0,1.0,3.1,00:02:35:251
150,-57.0,-73.0,-76.0,-84.0,1.0,3.1,00:02:35:676
151,-46.0,-76.0,-90.0,-80.0,1.0,3.1,00:02:35:882
152,-57.0,-73.0,-76.0,-84.0,1.0,3.1,00:02:36:094
153,-56.0,-74.0,-76.0,-80.0,1.0,3.1,00:02:36:300
154,-50.0,-72.0,-85.0,-84.0,1.0,3.1,00:02:36:514
155,-54.0,-74.0,-76.0,-80.0,1.0,3.1,00:02:36:722
156,-46.0,-74.0,-85.0,-85.0,1.0,3.1,00:02:36:936
157,-55.0,-73.0,-76.0,-79.0,1.0,3.1,00:02:37:146
158,-46.0,-60.0,-85.0,-84.0,1.0,3.1,00:02:37:353
159,-57.0,-74.0,-91.0,-80.0,1.0,3.1,00:02:37:978
160,-56.0,-73.0,-90.0,-85.0,1.0,3.1,00:02:38:390
161,-54.0,-74.0,-85.0,-79.0,1.0,3.1,00:02:38:601
162,-57.0,-74.0,-76.0,-85.0,1.0,3.1,00:02:38:815
163,-56.0,-73.0,-76.0,-84.0,1.0,3.1,00:02:39:231
164,-40.0,-64.0,-86.0,-80.0,1.0,3.1,00:02:39:746
165,-54.0,-74.0,-86.0,-79.0,1.0,3.1,00:02:40:170
166,-57.0,-74.0,-75.0,-84.0,1.0,3.1,00:02:40:381
167,-46.0,-74.0,-86.0,-79.0,1.0,3.1,00:02:40:594
168,-57.0,-73.0,-76.0,-84.0,1.0,3.1,00:02:40:803
169,-46.0,-74.0,-86.0,-79.0,1.0,3.1,00:02:41:010
170,-59.0,-74.0,-76.0,-85.0,1.0,3.1,00:02:41:217
171,-57.0,-73.0,-79.0,-84.0,1.0,3.1,00:02:41:633
172,-57.0,-73.0,-76.0,-84.0,1.0,3.1,00:02:42:048
173,-46.0,-74.0,-91.0,-79.0,1.0,3.1,00:02:42:256
174,-59.0,-73.0,-76.0,-85.0,1.0,3.1,00:02:42:466
175,-54.0,-74.0,-76.0,-85.0,1.0,3.1,00:02:42:685
176,-44.0,-66.0,-85.0,-84.0,1.0,3.1,00:02:42:892
177,-54.0,-73.0,-75.0,-80.0,1.0,3.1,00:02:43:103
178,-43.0,-66.0,-86.0,-85.0,1.0,3.1,00:02:43:310
179,-57.0,-73.0,-76.0,-80.0,1.0,3.1,00:02:43:518
180,-48.0,-74.0,-85.0,-80.0,1.0,3.1,00:02:43:731
181,-52.0,-73.0,-91.0,-80.0,1.0,3.1,00:02:43:939
182,-51.0,-74.0,-85.0,-80.0,1.0,3.1,00:02:44:143
183,-54.0,-74.0,-85.0,-80.0,1.0,3.1,00:02:44:556
184,-57.0,-73.0,-76.0,-84.0,1.0,3.1,00:02:44:761
185,-54.0,-74.0,-86.0,-80.0,1.0,3.1,00:02:44:965
186,-57.0,-73.0,-76.0,-84.0,1.0,3.1,00:02:45:178
187,-59.0,-73.0,-76.0,-84.0,1.0,3.1,00:02:45:597
188,-57.0,-73.0,-76.0,-84.0,1.0,3.1,00:02:46:018
189,-59.0,-74.0,-76.0,-85.0,1.0,3.1,00:02:46:441
190,-54.0,-74.0,-76.0,-79.0,1.0,3.1,00:02:46:649
191,-46.0,-66.0,-85.0,-84.0,1.0,3.1,00:02:46:858
192,-54.0,-75.0,-75.0,-79.0,1.0,3.1,00:02:47:070
193,-46.0,-65.0,-85.0,-85.0,1.0,3.1,00:02:47:273
194,-54.0,-73.0,-76.0,-80.0,1.0,3.1,00:02:47:479
195,-57.0,-73.0,-76.0,-80.0,1.0,3.1,00:02:47:893
196,-46.0,-74.0,-85.0,-80.0,1.0,3.1,00:02:48:101
197,-57.0,-73.0,-76.0,-80.0,1.0,3.1,00:02:48:307
198,-59.0,-73.0,-85.0,-84.0,1.0,3.1,00:02:48:724
199,-57.0,-73.0,-75.0,-84.0,1.0,3.1,00:02:49:150
200,-57.0,-73.0,-76.0,-85.0,1.0,3.1,00:02:49:576
201,-56.0,-73.0,-75.0,-84.0,1.0,3.1,00:02:49:996
202,-46.0,-74.0,-90.0,-80.0,1.0,3.1,00:02:50:205
203,-59.0,-73.0,-76.0,-84.0,1.0,3.1,00:02:50:406
204,-54.0,-74.0,-85.0,-80.0,1.0,3.1,00:02:50:614
205,-46.0,-74.0,-85.0,-80.0,1.0,3.1,00:02:50:931
206,-54.0,-73.0,-76.0,-84.0,1.0,3.1,00:02:51:148
207,-57.0,-64.0,-76.0,-84.0,1.0,3.1,00:02:51:559
208,-57.0,-73.0,-75.0,-84.0,1.0,3.1,00:02:51:974
209,-59.0,-73.0,-85.0,-84.0,1.0,3.1,00:02:52:806
210,-54.0,-74.0,-75.0,-80.0,1.0,3.1,00:02:53:013
211,-54.0,-73.0,-75.0,-80.0,1.0,3.1,00:02:53:442
212,-43.0,-66.0,-85.0,-85.0,1.0,3.1,00:02:53:655
213,-46.0,-74.0,-90.0,-80.0,1.0,3.1,00:02:54:174
214,-59.0,-73.0,-76.0,-85.0,1.0,3.1,00:02:54:389
215,-54.0,-74.0,-75.0,-80.0,1.0,3.1,00:02:54:604
216,-46.0,-64.0,-86.0,-84.0,1.0,3.1,00:02:54:812
217,-54.0,-74.0,-76.0,-80.0,1.0,3.1,00:02:55:022
218,-46.0,-74.0,-85.0,-84.0,1.0,3.1,00:02:55:237
219,-59.0,-73.0,-75.0,-80.0,1.0,3.1,00:02:55:445
220,-46.0,-66.0,-86.0,-80.0,1.0,3.1,00:02:55:650
221,-54.0,-67.0,-75.0,-80.0,1.0,3.1,00:02:55:858
222,-57.0,-73.0,-75.0,-86.0,1.0,3.1,00:02:56:698
223,-59.0,-73.0,-75.0,-84.0,1.0,3.1,00:02:57:117
224,-57.0,-73.0,-75.0,-84.0,1.0,3.1,00:02:57:538
225,-46.0,-74.0,-90.0,-79.0,1.0,3.1,00:02:57:747
226,-57.0,-73.0,-76.0,-84.0,1.0,3.1,00:02:57:952
227,-53.0,-74.0,-90.0,-79.0,1.0,3.1,00:02:58:164
228,-59.0,-74.0,-75.0,-84.0,1.0,3.1,00:02:58:367
229,-54.0,-74.0,-75.0,-80.0,1.0,3.1,00:02:58:573
230,-46.0,-74.0,-86.0,-84.0,1.0,3.1,00:02:58:777
231,-54.0,-74.0,-75.0,-80.0,1.0,3.1,00:02:58:992
232,-46.0,-69.0,-85.0,-85.0,1.0,3.1,00:02:59:211
233,-57.0,-73.0,-75.0,-85.0,1.0,3.1,00:02:59:420
234,-46.0,-74.0,-86.0,-79.0,1.0,3.1,00:02:59:628
235,-58.0,-73.0,-91.0,-80.0,1.0,3.1,00:02:59:839
236,-54.0,-74.0,-86.0,-80.0,1.0,3.1,00:03:00:046
237,-57.0,-73.0,-91.0,-84.0,1.0,3.1,00:03:00:255
238,-54.0,-74.0,-85.0,-80.0,1.0,3.1,00:03:00:466
239,-59.0,-73.0,-75.0,-84.0,1.0,3.1,00:03:00:672
240,-46.0,-74.0,-85.0,-79.0,1.0,3.1,00:03:00:881
241,-57.0,-73.0,-76.0,-85.0,1.0,3.1,00:03:01:094
242,-59.0,-73.0,-75.0,-85.0,1.0,3.1,00:03:01:942
243,-47.0,-66.0,-85.0,-85.0,1.0,3.1,00:03:02:365
244,-54.0,-74.0,-75.0,-79.0,1.0,3.1,00:03:02:567
245,-40.0,-64.0,-67.0,-84.0,1.0,3.1,00:03:02:774
246,-54.0,-73.0,-76.0,-79.0,1.0,3.1,00:03:02:981
247,-46.0,-65.0,-85.0,-84.0,1.0,3.1,00:03:03:188
248,-57.0,-73.0,-76.0,-80.0,1.0,3.1,00:03:03:394
249,-46.0,-65.0,-86.0,-79.0,1.0,3.1,00:03:03:600
250,-46.0,-74.0,-85.0,-80.0,1.0,3.1,00:03:04:014
251,-57.0,-74.0,-90.0,-84.0,1.0,3.1,00:03:04:225
252,-57.0,-74.0,-76.0,-84.0,1.0,3.1,00:03:04:645
253,-52.0,-71.0,-90.0,-89.0,1.0,3.6,00:04:12:937
254,-44.0,-72.0,-86.0,-90.0,1.0,3.6,00:04:13:148
255,-54.0,-75.0,-81.0,-89.0,1.0,3.6,00:04:13:785
256,-54.0,-75.0,-80.0,-90.0,1.0,3.6,00:04:14:210
257,-54.0,-75.0,-81.0,-89.0,1.0,3.6,00:04:14:629
258,-54.0,-75.0,-81.0,-90.0,1.0,3.6,00:04:15:357
259,-54.0,-75.0,-81.0,-89.0,1.0,3.6,00:04:15:782
260,-54.0,-75.0,-81.0,-90.0,1.0,3.6,00:04:16:204
261,-54.0,-75.0,-81.0,-89.0,1.0,3.6,00:04:16:612
262,-54.0,-75.0,-81.0,-91.0,1.0,3.6,00:04:17:031
263,-54.0,-75.0,-81.0,-91.0,1.0,3.6,00:04:17:450
264,-49.0,-75.0,-81.0,-90.0,1.0,3.6,00:04:17:868
265,-48.0,-71.0,-86.0,-90.0,1.0,3.6,00:04:18:684
266,-52.0,-71.0,-90.0,-90.0,1.0,3.6,00:04:18:892
267,-43.0,-77.0,-86.0,-90.0,1.0,3.6,00:04:19:106
268,-54.0,-74.0,-81.0,-90.0,1.0,3.6,00:04:19:838
269,-52.0,-74.0,-86.0,-91.0,1.0,3.6,00:04:20:258
270,-44.0,-76.0,-87.0,-90.0,1.0,3.6,00:04:20:675
271,-49.0,-76.0,-86.0,-91.0,1.0,3.6,00:04:21:093
272,-53.0,-74.0,-90.0,-90.0,1.0,3.6,00:04:21:298
273,-54.0,-74.0,-91.0,-89.0,1.0,3.6,00:04:21:714
274,-54.0,-74.0,-81.0,-91.0,1.0,3.6,00:04:22:142
275,-54.0,-74.0,-80.0,-91.0,1.0,3.6,00:04:22:565
276,-54.0,-74.0,-80.0,-91.0,1.0,3.6,00:04:22:979
277,-54.0,-73.0,-80.0,-90.0,1.0,3.6,00:04:23:394
278,-48.0,-71.0,-89.0,-86.0,1.0,3.6,00:04:24:014
279,-49.0,-73.0,-81.0,-91.0,1.0,3.6,00:04:24:224
280,-43.0,-73.0,-87.0,-91.0,1.0,3.6,00:04:24:636
281,-52.0,-71.0,-89.0,-91.0,1.0,3.6,00:04:24:850
282,-49.0,-78.0,-86.0,-90.0,1.0,3.6,00:04:25:058
283,-54.0,-74.0,-81.0,-91.0,1.0,3.6,00:04:26:534
284,-54.0,-74.0,-80.0,-90.0,1.0,3.6,00:04:26:954
285,-54.0,-74.0,-81.0,-90.0,1.0,3.6,00:04:27:367
286,-54.0,-74.0,-80.0,-91.0,1.0,3.6,00:04:27:790
287,-51.0,-74.0,-86.0,-90.0,1.0,3.6,00:04:28:209
288,-47.0,-74.0,-86.0,-91.0,1.0,3.6,00:04:28:619
289,-56.0,-71.0,-89.0,-86.0,1.0,3.6,00:04:28:833
290,-47.0,-71.0,-86.0,-91.0,1.0,3.6,00:04:29:046
291,-54.0,-74.0,-88.0,-91.0,1.0,3.6,00:04:29:265
292,-54.0,-74.0,-81.0,-91.0,1.0,3.6,00:04:29:684
293,-54.0,-75.0,-80.0,-91.0,1.0,3.6,00:04:30:105
294,-54.0,-76.0,-87.0,-90.0,1.0,3.6,00:04:30:525
295,-54.0,-75.0,-80.0,-91.0,1.0,3.6,00:04:30:955
296,-54.0,-76.0,-80.0,-91.0,1.0,3.6,00:04:31:369
297,-47.0,-74.0,-86.0,-91.0,1.0,3.6,00:04:31:792
298,-54.0,-72.0,-90.0,-90.0,1.0,3.6,00:04:32:011
299,-47.0,-75.0,-86.0,-91.0,1.0,3.6,00:04:32:216
300,-54.0,-75.0,-80.0,-91.0,1.0,3.6,00:04:32:435
301,-54.0,-74.0,-81.0,-90.0,1.0,3.6,00:04:33:263
302,-47.0,-71.0,-91.0,-86.0,1.0,3.6,00:04:33:891
303,-47.0,-77.0,-87.0,-91.0,1.0,3.6,00:04:34:204
304,-52.0,-74.0,-90.0,-91.0,1.0,3.6,00:04:34:417
305,-54.0,-74.0,-81.0,-86.0,1.0,3.6,00:04:35:252
306,-54.0,-74.0,-80.0,-90.0,1.0,3.6,00:04:35:665
307,-54.0,-74.0,-80.0,-90.0,1.0,3.6,00:04:36:085
308,-54.0,-74.0,-80.0,-90.0,1.0,3.6,00:04:36:509
309,-54.0,-74.0,-80.0,-91.0,1.0,3.6,00:04:36:925
310,-49.0,-74.0,-80.0,-91.0,1.0,3.6,00:04:37:341
311,-48.0,-76.0,-87.0,-91.0,1.0,3.6,00:04:37:765
312,-52.0,-72.0,-91.0,-91.0,1.0,3.6,00:04:37:974
313,-54.0,-74.0,-90.0,-86.0,1.0,3.6,00:04:38:402
314,-54.0,-74.0,-91.0,-91.0,1.0,3.6,00:04:38:810
315,-49.0,-74.0,-86.0,-86.0,1.0,3.6,00:04:39:026
316,-54.0,-74.0,-81.0,-91.0,1.0,3.6,00:04:39:233
317,-54.0,-73.0,-81.0,-91.0,1.0,3.6,00:04:39:659
318,-54.0,-74.0,-81.0,-91.0,1.0,3.6,00:04:40:071
319,-54.0,-74.0,-80.0,-90.0,1.0,3.6,00:04:40:493
320,-54.0,-74.0,-80.0,-91.0,1.0,3.6,00:04:40:906
321,-49.0,-74.0,-81.0,-91.0,1.0,3.6,00:04:41:317
322,-47.0,-77.0,-86.0,-92.0,1.0,3.6,00:04:41:742
323,-52.0,-71.0,-91.0,-90.0,1.0,3.6,00:04:41:956
324,-54.0,-74.0,-90.0,-91.0,1.0,3.6,00:04:42:378
325,-54.0,-74.0,-81.0,-90.0,1.0,3.6,00:04:42:804
326,-54.0,-74.0,-80.0,-91.0,1.0,3.6,00:04:43:221
327,-54.0,-74.0,-80.0,-91.0,1.0,3.6,00:04:43:636
328,-54.0,-74.0,-80.0,-90.0,1.0,3.6,00:04:44:067
329,-49.0,-74.0,-87.0,-90.0,1.0,3.6,00:04:44:903
330,-52.0,-72.0,-91.0,-90.0,1.0,3.6,00:04:45:530
331,-47.0,-75.0,-87.0,-91.0,1.0,3.6,00:04:45:738
332,-52.0,-74.0,-90.0,-91.0,1.0,3.6,00:04:45:944
333,-54.0,-74.0,-90.0,-91.0,1.0,3.6,00:04:46:369
334,-54.0,-74.0,-81.0,-91.0,1.0,3.6,00:04:46:781
335,-54.0,-74.0,-80.0,-91.0,1.0,3.6,00:04:47:627
336,-54.0,-71.0,-80.0,-91.0,1.0,3.6,00:04:48:054
337,-47.0,-75.0,-81.0,-90.0,1.0,3.6,00:04:48:467
338,-52.0,-71.0,-90.0,-87.0,1.0,3.6,00:04:48:679
339,-49.0,-75.0,-87.0,-90.0,1.0,3.6,00:04:48:885
340,-52.0,-72.0,-90.0,-91.0,1.0,3.6,00:04:49:094
341,-47.0,-76.0,-87.0,-90.0,1.0,3.6,00:04:49:299
342,-52.0,-71.0,-90.0,-91.0,1.0,3.6,00:04:49:512
343,-54.0,-75.0,-91.0,-91.0,1.0,3.6,00:04:49:925
344,-54.0,-76.0,-91.0,-91.0,1.0,3.6,00:04:50:340
345,-54.0,-75.0,-80.0,-91.0,1.0,3.6,00:04:51:205
346,-54.0,-75.0,-88.0,-90.0,1.0,3.6,00:04:51:622
347,-49.0,-75.0,-80.0,-90.0,1.0,3.6,00:04:52:050
348,-52.0,-72.0,-89.0,-90.0,1.0,3.6,00:04:52:679
349,-41.0,-74.0,-87.0,-90.0,1.0,3.6,00:04:52:890
350,-54.0,-75.0,-89.0,-90.0,1.0,3.6,00:04:53:105
351,-54.0,-76.0,-80.0,-90.0,1.0,3.6,00:04:54:357
352,-54.0,-75.0,-80.0,-90.0,1.0,3.6,00:04:54:775
353,-48.0,-75.0,-87.0,-89.0,1.0,3.6,00:04:55:289
354,-54.0,-75.0,-90.0,-90.0,1.0,3.6,00:04:55:499
355,-54.0,-76.0,-81.0,-90.0,1.0,3.6,00:04:55:920
356,-54.0,-76.0,-80.0,-90.0,1.0,3.6,00:04:56:338
357,-54.0,-76.0,-80.0,-90.0,1.0,3.6,00:04:56:759
358,-54.0,-75.0,-80.0,-90.0,1.0,3.6,00:04:57:183
359,-54.0,-75.0,-80.0,-90.0,1.0,3.6,00:04:57:607
360,-49.0,-75.0,-80.0,-90.0,1.0,3.6,00:04:58:017
361,-49.0,-75.0,-87.0,-91.0,1.0,3.6,00:04:58:433
362,-54.0,-71.0,-89.0,-86.0,1.0,3.6,00:04:58:642
363,-47.0,-74.0,-87.0,-91.0,1.0,3.6,00:04:58:860
364,-54.0,-75.0,-90.0,-86.0,1.0,3.6,00:04:59:069
365,-54.0,-75.0,-80.0,-90.0,1.0,3.6,00:05:00:318
366,-54.0,-76.0,-80.0,-92.0,1.0,3.6,00:05:00:735
367,-47.0,-71.0,-90.0,-86.0,1.0,3.6,00:05:00:945
368,-54.0,-75.0,-80.0,-90.0,1.0,3.6,00:05:01:160
369,-51.0,-75.0,-87.0,-91.0,1.0,3.6,00:05:01:999
370,-47.0,-75.0,-87.0,-91.0,1.0,3.6,00:05:02:410
371,-52.0,-71.0,-89.0,-91.0,1.0,3.6,00:05:02:614
372,-48.0,-74.0,-87.0,-92.0,1.0,3.6,00:05:02:828
373,-52.0,-75.0,-89.0,-90.0,1.0,3.6,00:05:03:037
374,-54.0,-71.0,-80.0,-90.0,1.0,3.6,00:05:03:456
375,-54.0,-75.0,-81.0,-90.0,1.0,3.6,00:05:03:872
376,-54.0,-75.0,-87.0,-91.0,1.0,3.6,00:05:04:726
377,-54.0,-75.0,-81.0,-91.0,1.0,3.6,00:05:05:142
378,-54.0,-75.0,-81.0,-91.0,1.0,3.6,00:05:05:559
379,-49.0,-75.0,-88.0,-90.0,1.0,3.6,00:05:05:975
380,-49.0,-76.0,-87.0,-91.0,1.0,3.6,00:05:06:400
381,-56.0,-75.0,-91.0,-90.0,1.0,3.6,00:05:06:615
382,-52.0,-71.0,-88.0,-86.0,1.0,3.6,00:05:07:254
383,-54.0,-75.0,-81.0,-91.0,1.0,3.6,00:05:07:467
384,-54.0,-75.0,-87.0,-91.0,1.0,3.6,00:05:07:889
385,-54.0,-75.0,-80.0,-92.0,1.0,3.6,00:05:08:312
386,-54.0,-75.0,-80.0,-91.0,1.0,3.6,00:05:08:729
387,-48.0,-75.0,-87.0,-90.0,1.0,3.6,00:05:09:571
388,-52.0,-72.0,-90.0,-86.0,1.0,3.6,00:05:09:785
389,-49.0,-75.0,-87.0,-91.0,1.0,3.6,00:05:09:994
390,-54.0,-75.0,-90.0,-90.0,1.0,3.6,00:05:10:203
391,-54.0,-74.0,-80.0,-91.0,1.0,3.6,00:05:11:048
392,-44.0,-76.0,-87.0,-90.0,1.0,3.6,00:05:11:579
393,-54.0,-75.0,-89.0,-91.0,1.0,3.6,00:05:11:794
394,-54.0,-73.0,-81.0,-90.0,1.0,3.6,00:05:12:631
395,-54.0,-73.0,-80.0,-90.0,1.0,3.6,00:05:13:041
396,-54.0,-73.0,-80.0,-91.0,1.0,3.6,00:05:13:464
397,-54.0,-73.0,-80.0,-90.0,1.0,3.6,00:05:13:894
398,-49.0,-73.0,-81.0,-90.0,1.0,3.6,00:05:14:314
399,-48.0,-77.0,-87.0,-91.0,1.0,3.6,00:05:14:737
400,-47.0,-77.0,-87.0,-91.0,1.0,3.6,00:05:15:161
401,-54.0,-73.0,-90.0,-90.0,1.0,3.6,00:05:15:376
402,-54.0,-73.0,-80.0,-91.0,1.0,3.6,00:05:16:215
403,-54.0,-73.0,-80.0,-90.0,1.0,3.6,00:05:16:623
404,-54.0,-72.0,-80.0,-90.0,1.0,3.6,00:05:17:053
405,-54.0,-73.0,-80.0,-91.0,1.0,3.6,00:05:17:473
406,-49.0,-73.0,-80.0,-91.0,1.0,3.6,00:05:17:888
407,-43.0,-73.0,-87.0,-91.0,1.0,3.6,00:05:18:307
408,-52.0,-72.0,-90.0,-90.0,1.0,3.6,00:05:18:524
409,-49.0,-77.0,-86.0,-91.0,1.0,3.6,00:05:18:731
410,-52.0,-73.0,-89.0,-91.0,1.0,3.6,00:05:18:941
411,-54.0,-73.0,-80.0,-91.0,1.0,3.6,00:05:20:193
412,-54.0,-73.0,-80.0,-91.0,1.0,3.6,00:05:20:610
413,-54.0,-73.0,-80.0,-90.0,1.0,3.6,00:05:21:029
414,-54.0,-73.0,-80.0,-90.0,1.0,3.6,00:05:21:452
415,-49.0,-73.0,-86.0,-90.0,1.0,3.6,00:05:21:881
416,-52.0,-72.0,-89.0,-91.0,1.0,3.6,00:05:22:087
417,-52.0,-73.0,-89.0,-91.0,1.0,3.6,00:05:22:507
418,-48.0,-77.0,-86.0,-90.0,1.0,3.6,00:05:22:717
419,-54.0,-73.0,-80.0,-90.0,1.0,3.6,00:05:23:034
420,-51.0,-73.0,-80.0,-90.0,1.0,3.6,00:05:23:855
421,-54.0,-68.0,-81.0,-84.0,1.0,6.4,00:25:55:285
422,-54.0,-68.0,-81.0,-84.0,1.0,6.4,00:25:55:700
423,-54.0,-79.0,-80.0,-83.0,1.0,6.4,00:25:55:915
424,-54.0,-68.0,-81.0,-84.0,1.0,6.4,00:25:56:122
425,-54.0,-79.0,-81.0,-83.0,1.0,6.4,00:25:56:341
426,-53.0,-76.0,-82.0,-84.0,1.0,6.4,00:25:56:561
427,-54.0,-68.0,-80.0,-88.0,1.0,6.4,00:25:57:311
428,-54.0,-79.0,-79.0,-83.0,1.0,6.4,00:25:57:516
429,-54.0,-68.0,-82.0,-85.0,1.0,6.4,00:25:57:722
430,-53.0,-79.0,-79.0,-83.0,1.0,6.4,00:25:57:936
431,-54.0,-68.0,-81.0,-84.0,1.0,6.4,00:25:58:359
432,-54.0,-68.0,-81.0,-84.0,1.0,6.4,00:25:58:782
433,-59.0,-76.0,-79.0,-83.0,1.0,6.4,00:25:58:991
434,-54.0,-68.0,-81.0,-84.0,1.0,6.4,00:25:59:204
435,-59.0,-79.0,-79.0,-83.0,1.0,6.4,00:25:59:424
436,-54.0,-68.0,-81.0,-84.0,1.0,6.4,00:25:59:640
437,-54.0,-68.0,-81.0,-85.0,1.0,6.4,00:26:00:065
438,-54.0,-68.0,-81.0,-85.0,1.0,6.4,00:26:00:481
439,-53.0,-79.0,-80.0,-83.0,1.0,6.4,00:26:00:683
440,-54.0,-68.0,-81.0,-85.0,1.0,6.4,00:26:00:892
441,-53.0,-67.0,-81.0,-85.0,1.0,6.4,00:26:01:539
442,-53.0,-77.0,-81.0,-83.0,1.0,6.4,00:26:01:745
443,-54.0,-68.0,-81.0,-85.0,1.0,6.4,00:26:02:064
444,-53.0,-78.0,-80.0,-83.0,1.0,6.4,00:26:02:276
445,-54.0,-68.0,-80.0,-84.0,1.0,6.4,00:26:02:480
446,-56.0,-77.0,-81.0,-83.0,1.0,6.4,00:26:02:694
447,-60.0,-76.0,-81.0,-85.0,1.0,6.4,00:26:02:900
448,-54.0,-77.0,-81.0,-83.0,1.0,6.4,00:26:03:114
449,-55.0,-76.0,-82.0,-85.0,1.0,6.4,00:26:03:315
450,-54.0,-68.0,-81.0,-83.0,1.0,6.4,00:26:03:522
451,-53.0,-76.0,-82.0,-83.0,1.0,6.4,00:26:03:730
452,-54.0,-68.0,-81.0,-85.0,1.0,6.4,00:26:03:941
453,-54.0,-68.0,-81.0,-85.0,1.0,6.4,00:26:04:363
454,-54.0,-68.0,-81.0,-85.0,1.0,6.4,00:26:04:777
455,-54.0,-68.0,-81.0,-85.0,1.0,6.4,00:26:05:192
456,-54.0,-68.0,-81.0,-85.0,1.0,6.4,00:26:05:620
457,-54.0,-68.0,-81.0,-85.0,1.0,6.4,00:26:06:050
458,-54.0,-68.0,-81.0,-85.0,1.0,6.4,00:26:06:460
459,-54.0,-78.0,-81.0,-83.0,1.0,6.4,00:26:06:669
460,-53.0,-75.0,-82.0,-85.0,1.0,6.4,00:26:06:885
461,-54.0,-68.0,-81.0,-85.0,1.0,6.4,00:26:07:103
462,-53.0,-75.0,-82.0,-83.0,1.0,6.4,00:26:07:309
463,-54.0,-68.0,-81.0,-85.0,1.0,6.4,00:26:07:526
464,-54.0,-68.0,-81.0,-85.0,1.0,6.4,00:26:07:937
465,-54.0,-68.0,-81.0,-85.0,1.0,6.4,00:26:08:356
466,-53.0,-68.0,-80.0,-85.0,1.0,6.4,00:26:08:770
467,-54.0,-68.0,-81.0,-85.0,1.0,6.4,00:26:09:182
468,-54.0,-70.0,-81.0,-85.0,1.0,6.4,00:26:09:608
469,-54.0,-68.0,-81.0,-84.0,1.0,6.4,00:26:10:030
470,-54.0,-75.0,-82.0,-85.0,1.0,6.4,00:26:10:455
471,-54.0,-78.0,-81.0,-83.0,1.0,6.4,00:26:10:667
472,-53.0,-75.0,-82.0,-84.0,1.0,6.4,00:26:10:874
473,-54.0,-74.0,-81.0,-85.0,1.0,6.4,00:26:11:079
474,-53.0,-68.0,-81.0,-85.0,1.0,6.4,00:26:11:507
475,-54.0,-68.0,-80.0,-85.0,1.0,6.4,00:26:11:912
476,-59.0,-76.0,-79.0,-89.0,1.0,6.4,00:26:12:123
477,-54.0,-68.0,-81.0,-85.0,1.0,6.4,00:26:12:343
478,-53.0,-68.0,-81.0,-85.0,1.0,6.4,00:26:12:758
479,-54.0,-70.0,-81.0,-85.0,1.0,6.4,00:26:13:163
480,-54.0,-68.0,-81.0,-85.0,1.0,6.4,00:26:13:585
481,-59.0,-79.0,-81.0,-83.0,1.0,6.4,00:26:13:799
482,-54.0,-68.0,-81.0,-85.0,1.0,6.4,00:26:14:007
483,-54.0,-78.0,-81.0,-83.0,1.0,6.4,00:26:14:213
484,-54.0,-68.0,-82.0,-85.0,1.0,6.4,00:26:14:424
485,-55.0,-76.0,-82.0,-85.0,1.0,6.4,00:26:14:845
486,-54.0,-68.0,-81.0,-83.0,1.0,6.4,00:26:15:051
487,-54.0,-68.0,-81.0,-85.0,1.0,6.4,00:26:15:474
488,-54.0,-68.0,-81.0,-84.0,1.0,6.4,00:26:15:889
489,-54.0,-68.0,-82.0,-84.0,1.0,6.4,00:26:16:301
490,-54.0,-68.0,-81.0,-85.0,1.0,6.4,00:26:16:718
491,-54.0,-68.0,-81.0,-85.0,1.0,6.4,00:26:17:141
492,-59.0,-78.0,-81.0,-83.0,1.0,6.4,00:26:17:766
493,-54.0,-68.0,-81.0,-85.0,1.0,6.4,00:26:17:979
494,-54.0,-78.0,-81.0,-83.0,1.0,6.4,00:26:18:190
495,-54.0,-68.0,-82.0,-84.0,1.0,6.4,00:26:18:391
496,-54.0,-78.0,-81.0,-83.0,1.0,6.4,00:26:18:606
497,-54.0,-76.0,-82.0,-85.0,1.0,6.4,00:26:18:816
498,-54.0,-68.0,-80.0,-84.0,1.0,6.4,00:26:19:451
499,-53.0,-68.0,-81.0,-85.0,1.0,6.4,00:26:19:870
