,id,time (delta),RSSI (dBm)
3,0,0:,0
4,0,0:,0
5,0,0:,0
12,0,0:,0
13,0,0:,0
14,0,0:,0
18,<err,@,0:
19,0,0:,0
20,0,0:,0
27,0,0:,0
28,0,0:,0
29,0,0:,0
36,0,0:,0
37,0,0:,0
38,0,0:,0
45,0,0:,0
46,0,0:,0
47,0,0:,0
54,0,0:,0
55,0,0:,0
56,0,0:,0
63,0,0:,0
64,0,0:,0
65,0,0:,0
72,0,0:,0
73,0,0:,0
74,0,0:,0
81,0,0:,0
82,0,0:,0
83,0,0:,0
90,0,0:,0
91,0,0:,0
92,0,0:,0
99,0,0:,0
100,0,0:,0
101,0,0:,0
108,0,0:,0
109,0,0:,0
110,0,0:,0
117,0,0:,0
118,0,0:,0
119,0,0:,0
126,0,0:,0
127,0,0:,0
128,0,0:,0
135,0,0:,0
136,0,0:,0
137,0,0:,0
144,0,0:,0
145,0,0:,0
146,0,0:,0
153,0,0:,0
154,0,0:,0
155,0,0:,0
162,0,0:,0
163,0,0:,0
164,0,0:,0
171,0,0:,0
172,0,0:,0
173,0,0:,0
180,0,0:,0
181,0,0:,0
182,0,0:,0
189,0,0:,0
190,0,0:,0
191,0,0:,0
198,0,0:,0
199,0,0:,0
200,0,0:,0
207,0,0:,0
208,0,0:,0
209,0,0:,0
216,0,0:,0
217,0,0:,0
218,0,0:,0
225,0,0:,0
226,0,0:,0
227,0,0:,0
234,0,0:,0
235,0,0:,0
236,0,0:,0
243,0,0:,0
244,0,0:,0
245,0,0:,0
252,0,0:,0
253,0,0:,0
254,0,0:,0
261,0,0:,0
262,0,0:,0
263,0,0:,0
270,0,0:,0
271,0,0:,0
272,0,0:,0
279,0,0:,0
280,0,0:,0
281,0,0:,0
288,0,0:,0
289,0,0:,0
290,0,0:,0
297,0,0:,0
298,0,0:,0
299,0,0:,0
306,0,0:,0
307,0,0:,0
308,0,0:,0
315,0,0:,0
316,0,0:,0
317,0,0:,0
324,0,0:,0
325,0,0:,0
326,0,0:,0
333,0,0:,0
334,0,0:,0
335,0,0:,0
342,0,0:,0
343,0,0:,0
344,0,0:,0
351,0,0:,0
352,0,0:,0
353,0,0:,0
360,0,0:,0
361,0,0:,0
362,0,0:,0
369,0,0:,0
370,0,0:,0
371,0,0:,0
378,0,0:,0
379,0,0:,0
380,0,0:,0
387,0,0:,0
388,0,0:,0
389,0,0:,0
396,0,0:,0
397,0,0:,0
398,0,0:,0
405,0,0:,0
406,0,0:,0
407,0,0:,0
414,0,0:,0
415,0,0:,0
416,0,0:,0
423,0,0:,0
424,0,0:,0
425,0,0:,0
432,0,0:,0
433,0,0:,0
434,0,0:,0
441,0,0:,0
442,0,0:,0
443,0,0:,0
450,0,0:,0
451,0,0:,0
452,0,0:,0
459,0,0:,0
460,0,0:,0
461,0,0:,0
468,0,0:,0
469,0,0:,0
470,0,0:,0
477,0,0:,0
478,0,0:,0
479,0,0:,0
486,0,0:,0
487,0,0:,0
488,0,0:,0
495,0,0:,0
496,0,0:,0
497,0,0:,0
504,0,0:,0
505,0,0:,0
506,0,0:,0
513,0,0:,0
514,0,0:,0
515,0,0:,0
522,0,0:,0
523,0,0:,0
524,0,0:,0
531,0,0:,0
532,0,0:,0
533,0,0:,0
540,0,0:,0
541,0,0:,0
542,0,0:,0
549,0,0:,0
550,0,0:,0
551,0,0:,0
558,0,0:,0
559,0,0:,0
560,0,0:,0
567,0,0:,0
568,0,0:,0
569,0,0:,0
576,0,0:,0
577,0,0:,0
578,0,0:,0
585,0,0:,0
586,0,0:,0
587,0,0:,0
594,0,0:,0
595,0,0:,0
596,0,0:,0
603,0,0:,0
604,0,0:,0
605,0,0:,0
612,0,0:,0
613,0,0:,0
614,0,0:,0
621,0,0:,0
622,0,0:,0
623,0,0:,0
630,0,0:,0
631,0,0:,0
632,0,0:,0
639,0,0:,0
640,0,0:,0
641,0,0:,0
648,0,0:,0
649,0,0:,0
650,0,0:,0
657,0,0:,0
658,0,0:,0
659,0,0:,0
666,0,0:,0
667,0,0:,0
668,0,0:,0
675,0,0:,0
676,0,0:,0
677,0,0:,0
684,0,0:,0
685,0,0:,0
686,0,0:,0
693,0,0:,0
694,0,0:,0
695,0,0:,0
702,0,0:,0
703,0,0:,0
704,0,0:,0
711,0,0:,0
712,0,0:,0
713,0,0:,0
720,0,0:,0
721,0,0:,0
722,0,0:,0
729,0,0:,0
730,0,0:,0
731,0,0:,0
738,0,0:,0
739,0,0:,0
740,0,0:,0
747,0,0:,0
748,0,0:,0
749,0,0:,0
756,0,0:,0
757,0,0:,0
758,0,0:,0
765,0,0:,0
766,0,0:,0
767,0,0:,0
774,0,0:,0
775,0,0:,0
776,0,0:,0
783,0,0:,0
784,0,0:,0
785,0,0:,0
792,0,0:,0
793,0,0:,0
794,0,0:,0
801,0,0:,0
802,0,0:,0
803,0,0:,0
810,0,0:,0
811,0,0:,0
812,0,0:,0
819,0,0:,0
820,0,0:,0
821,0,0:,0
828,0,0:,0
829,0,0:,0
830,0,0:,0
837,0,0:,0
838,0,0:,0
839,0,0:,0
846,0,0:,0
847,0,0:,0
848,0,0:,0
855,0,0:,0
856,0,0:,0
857,0,0:,0
864,0,0:,0
865,0,0:,0
866,0,0:,0
873,0,0:,0
874,0,0:,0
875,0,0:,0
882,0,0:,0
883,0,0:,0
884,0,0:,0
891,0,0:,0
892,0,0:,0
893,0,0:,0
900,0,0:,0
901,0,0:,0
902,0,0:,0
909,0,0:,0
910,0,0:,0
911,0,0:,0
919,0,0:,0
920,0,0:,0
921,0,0:,0
928,0,0:,0
929,0,0:,0
930,0,0:,0
937,0,0:,0
938,0,0:,0
939,0,0:,0
946,0,0:,0
947,0,0:,0
948,0,0:,0
955,0,0:,0
956,0,0:,0
957,0,0:,0
964,0,0:,0
965,0,0:,0
966,0,0:,0
973,0,0:,0
974,0,0:,0
975,0,0:,0
982,0,0:,0
983,0,0:,0
984,0,0:,0
991,0,0:,0
992,0,0:,0
993,0,0:,0
1000,0,0:,0
1001,0,0:,0
1002,0,0:,0
1009,0,0:,0
1010,0,0:,0
1011,0,0:,0
1018,0,0:,0
1019,0,0:,0
1020,0,0:,0
1027,0,0:,0
1028,0,0:,0
1029,0,0:,0
1036,0,0:,0
1037,0,0:,0
1038,0,0:,0
1045,0,0:,0
1046,0,0:,0
1047,0,0:,0
1054,0,0:,0
1055,0,0:,0
1056,0,0:,0
1063,0,0:,0
1064,0,0:,0
1065,0,0:,0
1072,0,0:,0
1073,0,0:,0
1074,0,0:,0
1081,0,0:,0
1082,0,0:,0
1083,0,0:,0
1090,0,0:,0
1091,0,0:,0
1092,0,0:,0
1099,0,0:,0
1100,0,0:,0
1101,0,0:,0
1108,0,0:,0
1109,0,0:,0
1110,0,0:,0
1117,0,0:,0
1118,0,0:,0
1119,0,0:,0
1126,0,0:,0
1127,0,0:,0
1128,0,0:,0
1135,0,0:,0
1136,0,0:,0
1137,0,0:,0
1144,0,0:,0
1145,0,0:,0
1146,0,0:,0
1153,0,0:,0
1154,0,0:,0
1155,0,0:,0
1162,0,0:,0
1163,0,0:,0
1164,0,0:,0
1171,0,0:,0
1172,0,0:,0
1173,0,0:,0
1180,0,0:,0
1181,0,0:,0
1182,0,0:,0
1189,0,0:,0
1190,0,0:,0
1191,0,0:,0
1198,0,0:,0
1199,0,0:,0
1200,0,0:,0
1207,0,0:,0
1208,0,0:,0
1209,0,0:,0
1216,0,0:,0
1217,0,0:,0
1218,0,0:,0
1225,0,0:,0
1226,0,0:,0
1227,0,0:,0
1234,0,0:,0
1235,0,0:,0
1236,0,0:,0
1243,0,0:,0
1244,0,0:,0
1245,0,0:,0
1252,0,0:,0
1253,0,0:,0
1254,0,0:,0
1261,0,0:,0
1262,0,0:,0
1263,0,0:,0
1270,0,0:,0
1271,0,0:,0
1272,0,0:,0
1279,0,0:,0
1280,0,0:,0
1281,0,0:,0
1288,0,0:,0
1289,0,0:,0
1290,0,0:,0
1297,0,0:,0
1298,0,0:,0
1299,0,0:,0
1306,0,0:,0
1307,0,0:,0
1308,0,0:,0
1315,0,0:,0
1316,0,0:,0
1317,0,0:,0
1324,0,0:,0
1325,0,0:,0
1326,0,0:,0
1333,0,0:,0
1334,0,0:,0
1335,0,0:,0
1342,0,0:,0
1343,0,0:,0
1344,0,0:,0
1351,0,0:,0
1352,0,0:,0
1353,0,0:,0
1360,0,0:,0
1361,0,0:,0
1362,0,0:,0
1369,0,0:,0
1370,0,0:,0
1371,0,0:,0
1378,0,0:,0
1379,0,0:,0
1380,0,0:,0
1387,0,0:,0
1388,0,0:,0
1389,0,0:,0
1396,0,0:,0
1397,0,0:,0
1398,0,0:,0
1405,0,0:,0
1406,0,0:,0
1407,0,0:,0
1414,0,0:,0
1415,0,0:,0
1416,0,0:,0
1423,0,0:,0
1424,0,0:,0
1425,0,0:,0
1432,0,0:,0
1433,0,0:,0
1434,0,0:,0
1441,0,0:,0
1442,0,0:,0
1443,0,0:,0
1450,0,0:,0
1451,0,0:,0
1452,0,0:,0
1459,0,0:,0
1460,0,0:,0
1461,0,0:,0
1468,0,0:,0
1469,0,0:,0
1470,0,0:,0
1477,0,0:,0
1478,0,0:,0
1479,0,0:,0
1486,0,0:,0
1487,0,0:,0
1488,0,0:,0
1495,0,0:,0
1496,0,0:,0
1497,0,0:,0
1504,0,0:,0
1505,0,0:,0
1506,0,0:,0
1513,0,0:,0
1514,0,0:,0
1515,0,0:,0
1522,0,0:,0
1523,0,0:,0
1524,0,0:,0
1531,0,0:,0
1532,0,0:,0
1533,0,0:,0
1540,0,0:,0
1541,0,0:,0
1542,0,0:,0
1549,0,0:,0
1550,0,0:,0
1551,0,0:,0
1558,0,0:,0
1559,0,0:,0
1560,0,0:,0
1567,0,0:,0
1568,0,0:,0
1569,0,0:,0
1576,0,0:,0
1577,0,0:,0
1578,0,0:,0
1585,0,0:,0
1586,0,0:,0
1587,0,0:,0
1594,0,0:,0
1595,0,0:,0
1596,0,0:,0
1603,0,0:,0
1604,0,0:,0
1605,0,0:,0
1612,0,0:,0
1613,0,0:,0
1614,0,0:,0
1621,0,0:,0
1622,0,0:,0
1623,0,0:,0
1630,0,0:,0
1631,0,0:,0
1632,0,0:,0
1639,0,0:,0
1640,0,0:,0
1641,0,0:,0
1648,0,0:,0
1649,0,0:,0
1650,0,0:,0
1657,0,0:,0
1658,0,0:,0
1659,0,0:,0
1666,0,0:,0
1667,0,0:,0
1668,0,0:,0
1675,0,0:,0
1676,0,0:,0
1677,0,0:,0
1684,0,0:,0
1685,0,0:,0
1686,0,0:,0
1693,0,0:,0
1694,0,0:,0
1695,0,0:,0
1702,0,0:,0
1703,0,0:,0
1704,0,0:,0
1711,0,0:,0
1712,0,0:,0
1713,0,0:,0
1720,0,0:,0
1721,0,0:,0
1722,0,0:,0
1729,0,0:,0
1730,0,0:,0
1731,0,0:,0
1738,0,0:,0
1739,0,0:,0
1740,0,0:,0
1747,0,0:,0
1748,0,0:,0
1749,0,0:,0
1756,0,0:,0
1757,0,0:,0
1758,0,0:,0
1765,0,0:,0
1766,0,0:,0
1767,0,0:,0
1774,0,0:,0
1775,0,0:,0
1776,0,0:,0
1783,0,0:,0
1784,0,0:,0
1785,0,0:,0
1792,0,0:,0
1793,0,0:,0
1794,0,0:,0
1801,0,0:,0
1802,0,0:,0
1803,0,0:,0
1810,0,0:,0
1811,0,0:,0
1812,0,0:,0
1819,0,0:,0
1820,0,0:,0
1821,0,0:,0
1828,0,0:,0
1829,0,0:,0
1830,0,0:,0
1837,0,0:,0
1838,0,0:,0
1839,0,0:,0
1846,0,0:,0
1847,0,0:,0
1848,0,0:,0
1855,0,0:,0
1856,0,0:,0
1857,0,0:,0
1864,0,0:,0
1865,0,0:,0
1866,0,0:,0
1873,0,0:,0
1874,0,0:,0
1875,0,0:,0
1882,0,0:,0
1883,0,0:,0
1884,0,0:,0
1891,0,0:,0
1892,0,0:,0
1893,0,0:,0
1900,0,0:,0
1901,0,0:,0
1902,0,0:,0
1909,0,0:,0
1910,0,0:,0
1911,0,0:,0
1918,0,0:,0
1919,0,0:,0
1920,0,0:,0
1927,0,0:,0
1928,0,0:,0
1929,0,0:,0
1936,0,0:,0
1937,0,0:,0
1938,0,0:,0
1945,0,0:,0
1946,0,0:,0
1947,0,0:,0
1954,0,0:,0
1955,0,0:,0
1956,0,0:,0
1963,0,0:,0
1964,0,0:,0
1965,0,0:,0
1972,0,0:,0
1973,0,0:,0
1974,0,0:,0
1981,0,0:,0
1982,0,0:,0
1983,0,0:,0
1990,0,0:,0
1991,0,0:,0
1992,0,0:,0
1999,0,0:,0
2000,0,0:,0
2001,0,0:,0
2008,0,0:,0
2009,0,0:,0
2010,0,0:,0
2017,0,0:,0
2018,0,0:,0
2019,0,0:,0
2026,0,0:,0
2027,0,0:,0
2028,0,0:,0
2035,0,0:,0
2036,0,0:,0
2037,0,0:,0
2044,0,0:,0
2045,0,0:,0
2046,0,0:,0
2053,0,0:,0
2054,0,0:,0
2055,0,0:,0
2062,0,0:,0
2063,0,0:,0
2064,0,0:,0
2071,0,0:,0
2072,0,0:,0
2073,0,0:,0
2080,0,0:,0
2081,0,0:,0
2082,0,0:,0
2089,0,0:,0
2090,0,0:,0
2091,0,0:,0
2098,0,0:,0
2099,0,0:,0
2100,0,0:,0
2107,0,0:,0
2108,0,0:,0
2109,0,0:,0
2116,0,0:,0
2117,0,0:,0
2118,0,0:,0
2125,0,0:,0
2126,0,0:,0
2127,0,0:,0
2134,0,0:,0
2135,0,0:,0
2136,0,0:,0
2143,0,0:,0
2144,0,0:,0
2145,0,0:,0
2152,0,0:,0
2153,0,0:,0
2154,0,0:,0
2161,0,0:,0
2162,0,0:,0
2163,0,0:,0
2170,0,0:,0
2171,0,0:,0
2172,0,0:,0
2179,0,0:,0
2180,0,0:,0
2181,0,0:,0
2188,0,0:,0
2189,0,0:,0
2190,0,0:,0
2197,0,0:,0
2198,0,0:,0
2199,0,0:,0
2206,0,0:,0
2207,0,0:,0
2208,0,0:,0
2215,0,0:,0
2216,0,0:,0
2217,0,0:,0
2224,0,0:,0
2225,0,0:,0
2226,0,0:,0
2233,0,0:,0
2234,0,0:,0
2235,0,0:,0
2242,0,0:,0
2243,0,0:,0
2244,0,0:,0
2251,0,0:,0
2252,0,0:,0
2253,0,0:,0
2260,0,0:,0
2261,0,0:,0
2262,0,0:,0
2269,0,0:,0
2270,0,0:,0
2271,0,0:,0
2278,0,0:,0
2279,0,0:,0
2280,0,0:,0
2287,0,0:,0
2288,0,0:,0
2289,0,0:,0
2296,0,0:,0
2297,0,0:,0
2298,0,0:,0
2305,0,0:,0
2306,0,0:,0
2307,0,0:,0
2314,0,0:,0
2315,0,0:,0
2316,0,0:,0
2323,0,0:,0
2324,0,0:,0
2325,0,0:,0
2332,0,0:,0
2333,0,0:,0
2334,0,0:,0
2341,0,0:,0
2342,0,0:,0
2343,0,0:,0
2350,0,0:,0
2351,0,0:,0
2352,0,0:,0
2359,0,0:,0
2360,0,0:,0
2361,0,0:,0
2368,0,0:,0
2369,0,0:,0
2370,0,0:,0
2377,0,0:,0
2378,0,0:,0
2379,0,0:,0
2386,0,0:,0
2387,0,0:,0
2388,0,0:,0
2395,0,0:,0
2396,0,0:,0
2397,0,0:,0
2404,0,0:,0
2405,0,0:,0
2406,0,0:,0
2413,0,0:,0
2414,0,0:,0
2415,0,0:,0
2422,0,0:,0
2423,0,0:,0
2424,0,0:,0
2431,0,0:,0
2432,0,0:,0
2433,0,0:,0
2440,0,0:,0
2441,0,0:,0
2442,0,0:,0
2449,0,0:,0
2450,0,0:,0
2451,0,0:,0
2458,0,0:,0
2459,0,0:,0
2460,0,0:,0
2468,0,0:,0
2469,0,0:,0
2470,0,0:,0
2477,0,0:,0
2478,0,0:,0
2479,0,0:,0
2486,0,0:,0
2487,0,0:,0
2488,0,0:,0
2495,0,0:,0
2496,0,0:,0
2497,0,0:,0
2504,0,0:,0
2505,0,0:,0
2506,0,0:,0
2513,0,0:,0
2514,0,0:,0
2515,0,0:,0
2522,0,0:,0
2523,0,0:,0
2524,0,0:,0
2531,0,0:,0
2532,0,0:,0
2533,0,0:,0
2540,0,0:,0
2541,0,0:,0
2542,0,0:,0
2549,0,0:,0
2550,0,0:,0
2551,0,0:,0
2558,0,0:,0
2559,0,0:,0
2560,0,0:,0
2567,0,0:,0
2568,0,0:,0
2569,0,0:,0
2576,0,0:,0
2577,0,0:,0
2578,0,0:,0
2585,0,0:,0
2586,0,0:,0
2587,0,0:,0
2594,0,0:,0
2595,0,0:,0
2596,0,0:,0
2603,0,0:,0
2604,0,0:,0
2605,0,0:,0
2612,0,0:,0
2613,0,0:,0
2614,0,0:,0
2621,0,0:,0
2622,0,0:,0
2623,0,0:,0
2630,0,0:,0
2631,0,0:,0
2632,0,0:,0
2639,0,0:,0
2640,0,0:,0
2641,0,0:,0
2648,0,0:,0
2649,0,0:,0
2650,0,0:,0
2657,0,0:,0
2658,0,0:,0
2659,0,0:,0
2666,0,0:,0
2667,0,0:,0
2668,0,0:,0
2675,0,0:,0
2676,0,0:,0
2677,0,0:,0
2684,0,0:,0
2685,0,0:,0
2686,0,0:,0
2693,0,0:,0
2694,0,0:,0
2695,0,0:,0
2702,0,0:,0
2703,0,0:,0
2704,0,0:,0
2711,0,0:,0
2712,0,0:,0
2713,0,0:,0
2720,0,0:,0
2721,0,0:,0
2722,0,0:,0
2729,0,0:,0
2730,0,0:,0
2731,0,0:,0
2738,0,0:,0
2739,0,0:,0
2740,0,0:,0
2747,0,0:,0
2748,0,0:,0
2749,0,0:,0
2756,0,0:,0
2757,0,0:,0
2758,0,0:,0
2765,0,0:,0
2766,0,0:,0
2767,0,0:,0
2774,0,0:,0
2775,0,0:,0
2776,0,0:,0
2783,0,0:,0
2784,0,0:,0
2785,0,0:,0
2792,0,0:,0
2793,0,0:,0
2794,0,0:,0
2802,0,0:,0
2803,0,0:,0
2804,0,0:,0
2811,0,0:,0
2812,0,0:,0
2813,0,0:,0
2820,0,0:,0
2821,0,0:,0
2822,0,0:,0
2829,0,0:,0
2830,0,0:,0
2831,0,0:,0
2838,0,0:,0
2839,0,0:,0
2840,0,0:,0
2847,0,0:,0
2848,0,0:,0
2849,0,0:,0
2856,0,0:,0
2857,0,0:,0
2858,0,0:,0
2865,0,0:,0
2866,0,0:,0
2867,0,0:,0
2874,0,0:,0
2875,0,0:,0
2876,0,0:,0
2883,0,0:,0
2884,0,0:,0
2885,0,0:,0
2892,0,0:,0
2893,0,0:,0
2894,0,0:,0
2901,0,0:,0
2902,0,0:,0
2903,0,0:,0
2910,0,0:,0
2911,0,0:,0
2912,0,0:,0
2919,0,0:,0
2920,0,0:,0
2921,0,0:,0
2928,0,0:,0
2929,0,0:,0
2930,0,0:,0
2937,0,0:,0
2938,0,0:,0
2939,0,0:,0
2946,0,0:,0
2947,0,0:,0
2948,0,0:,0
2955,0,0:,0
2956,0,0:,0
2957,0,0:,0
2964,0,0:,0
2965,0,0:,0
2966,0,0:,0
2973,0,0:,0
2974,0,0:,0
2975,0,0:,0
2983,0,0:,0
2984,0,0:,0
2985,0,0:,0
2992,0,0:,0
2993,0,0:,0
2994,0,0:,0
3001,0,0:,0
3002,0,0:,0
3003,0,0:,0
3010,0,0:,0
3011,0,0:,0
3012,0,0:,0
3019,0,0:,0
3020,0,0:,0
3021,0,0:,0
3028,0,0:,0
3029,0,0:,0
3030,0,0:,0
3037,0,0:,0
3038,0,0:,0
3039,0,0:,0
3046,0,0:,0
3047,0,0:,0
3048,0,0:,0
3055,0,0:,0
3056,0,0:,0
3057,0,0:,0
3064,0,0:,0
3065,0,0:,0
3066,0,0:,0
3073,0,0:,0
3074,0,0:,0
3075,0,0:,0
3082,0,0:,0
3083,0,0:,0
3084,0,0:,0
3091,0,0:,0
3092,0,0:,0
3093,0,0:,0
3100,0,0:,0
3101,0,0:,0
3102,0,0:,0
3109,0,0:,0
3110,0,0:,0
3111,0,0:,0
3118,0,0:,0
3119,0,0:,0
3120,0,0:,0
3127,0,0:,0
3128,0,0:,0
3129,0,0:,0
3136,0,0:,0
3137,0,0:,0
3138,0,0:,0
3145,0,0:,0
3146,0,0:,0
3147,0,0:,0
3154,0,0:,0
3155,0,0:,0
3156,0,0:,0
3163,0,0:,0
3164,0,0:,0
3165,0,0:,0
3173,0,0:,0
3174,0,0:,0
3175,0,0:,0
3182,0,0:,0
3183,0,0:,0
3184,0,0:,0
3191,0,0:,0
3192,0,0:,0
3193,0,0:,0
3200,0,0:,0
3201,0,0:,0
3202,0,0:,0
3209,0,0:,0
3210,0,0:,0
3211,0,0:,0
3218,0,0:,0
3219,0,0:,0
3220,0,0:,0
3227,0,0:,0
3228,0,0:,0
3229,0,0:,0
3236,0,0:,0
3237,0,0:,0
3238,0,0:,0
3245,0,0:,0
3246,0,0:,0
3247,0,0:,0
3254,0,0:,0
3255,0,0:,0
3256,0,0:,0
3263,0,0:,0
3264,0,0:,0
3265,0,0:,0
3272,0,0:,0
3273,0,0:,0
3274,0,0:,0
3281,0,0:,0
3282,0,0:,0
3283,0,0:,0
3290,0,0:,0
3291,0,0:,0
3292,0,0:,0
3299,0,0:,0
3300,0,0:,0
3301,0,0:,0
3308,0,0:,0
3309,0,0:,0
3310,0,0:,0
3317,0,0:,0
3318,0,0:,0
3319,0,0:,0
3326,0,0:,0
3327,0,0:,0
3328,0,0:,0
3335,0,0:,0
3336,0,0:,0
3337,0,0:,0
3344,0,0:,0
3345,0,0:,0
3346,0,0:,0
3353,0,0:,0
3354,0,0:,0
3355,0,0:,0
3362,0,0:,0
3363,0,0:,0
3364,0,0:,0
3371,0,0:,0
3372,0,0:,0
3373,0,0:,0
3380,0,0:,0
3381,0,0:,0
3382,0,0:,0
3389,0,0:,0
3390,0,0:,0
3391,0,0:,0
3398,0,0:,0
3399,0,0:,0
3400,0,0:,0
3407,0,0:,0
3408,0,0:,0
3409,0,0:,0
3416,0,0:,0
3417,0,0:,0
3418,0,0:,0
3425,0,0:,0
3426,0,0:,0
3427,0,0:,0
3434,0,0:,0
3435,0,0:,0
3436,0,0:,0
3443,0,0:,0
3444,0,0:,0
3445,0,0:,0
3452,0,0:,0
3453,0,0:,0
3454,0,0:,0
3461,0,0:,0
3462,0,0:,0
3463,0,0:,0
3470,0,0:,0
3471,0,0:,0
3472,0,0:,0
3479,0,0:,0
3480,0,0:,0
3481,0,0:,0
3488,0,0:,0
3489,0,0:,0
3490,0,0:,0
3497,0,0:,0
3498,0,0:,0
3499,0,0:,0
3506,0,0:,0
3507,0,0:,0
3508,0,0:,0
3515,0,0:,0
3516,0,0:,0
3517,0,0:,0
3524,0,0:,0
3525,0,0:,0
3526,0,0:,0
3533,0,0:,0
3534,0,0:,0
3535,0,0:,0
3542,0,0:,0
3543,0,0:,0
3544,0,0:,0
3551,0,0:,0
3552,0,0:,0
3553,0,0:,0
3560,0,0:,0
3561,0,0:,0
3562,0,0:,0
3569,0,0:,0
3570,0,0:,0
3571,0,0:,0
3578,0,0:,0
3579,0,0:,0
3580,0,0:,0
3587,0,0:,0
3588,0,0:,0
3589,0,0:,0
3596,0,0:,0
3597,0,0:,0
3598,0,0:,0
3605,0,0:,0
3606,0,0:,0
3607,0,0:,0
3614,0,0:,0
3615,0,0:,0
3616,0,0:,0
3623,0,0:,0
3624,0,0:,0
3625,0,0:,0
3632,0,0:,0
3633,0,0:,0
3634,0,0:,0
3641,0,0:,0
3642,0,0:,0
3643,0,0:,0
3650,0,0:,0
3651,0,0:,0
3652,0,0:,0
3659,0,0:,0
3660,0,0:,0
3661,0,0:,0
3668,0,0:,0
3669,0,0:,0
3670,0,0:,0
3677,0,0:,0
3678,0,0:,0
3679,0,0:,0
3686,0,0:,0
3687,0,0:,0
3688,0,0:,0
3695,0,0:,0
3696,0,0:,0
3697,0,0:,0
3704,0,0:,0
3705,0,0:,0
3706,0,0:,0
3713,0,0:,0
3714,0,0:,0
3715,0,0:,0
3722,0,0:,0
3723,0,0:,0
3724,0,0:,0
3731,0,0:,0
3732,0,0:,0
3733,0,0:,0
3740,0,0:,0
3741,0,0:,0
3742,0,0:,0
3749,0,0:,0
3750,0,0:,0
3751,0,0:,0
3758,0,0:,0
3759,0,0:,0
3760,0,0:,0
3767,0,0:,0
3768,0,0:,0
3769,0,0:,0
3776,0,0:,0
3777,0,0:,0
3778,0,0:,0
3785,0,0:,0
3786,0,0:,0
3787,0,0:,0
3794,0,0:,0
3795,0,0:,0
3796,0,0:,0
3803,0,0:,0
3804,0,0:,0
3805,0,0:,0
3812,0,0:,0
3813,0,0:,0
3814,0,0:,0
3821,0,0:,0
3822,0,0:,0
3823,0,0:,0
3830,0,0:,0
3831,0,0:,0
3832,0,0:,0
3839,0,0:,0
3840,0,0:,0
3841,0,0:,0
3848,0,0:,0
3849,0,0:,0
3850,0,0:,0
3857,0,0:,0
3858,0,0:,0
3859,0,0:,0
3866,0,0:,0
3867,0,0:,0
3868,0,0:,0
3875,0,0:,0
3876,0,0:,0
3877,0,0:,0
3884,0,0:,0
3885,0,0:,0
3886,0,0:,0
3893,0,0:,0
3894,0,0:,0
3895,0,0:,0
3902,0,0:,0
3903,0,0:,0
3904,0,0:,0
3911,0,0:,0
3912,0,0:,0
3913,0,0:,0
3920,0,0:,0
3921,0,0:,0
3922,0,0:,0
3929,0,0:,0
3930,0,0:,0
3931,0,0:,0
3938,0,0:,0
3939,0,0:,0
3940,0,0:,0
3947,0,0:,0
3948,0,0:,0
3949,0,0:,0
3956,0,0:,0
3957,0,0:,0
3958,0,0:,0
3965,0,0:,0
3966,0,0:,0
3967,0,0:,0
3974,0,0:,0
3975,0,0:,0
3976,0,0:,0
3983,0,0:,0
3984,0,0:,0
3985,0,0:,0
3992,0,0:,0
3993,0,0:,0
3994,0,0:,0
4001,0,0:,0
4002,0,0:,0
4003,0,0:,0
4010,0,0:,0
4011,0,0:,0
4012,0,0:,0
4019,0,0:,0
4020,0,0:,0
4021,0,0:,0
4028,0,0:,0
4029,0,0:,0
4030,0,0:,0
4037,0,0:,0
4038,0,0:,0
4039,0,0:,0
4046,0,0:,0
4047,0,0:,0
4048,0,0:,0
4055,0,0:,0
4056,0,0:,0
4057,0,0:,0
4064,0,0:,0
4065,0,0:,0
4066,0,0:,0
4073,0,0:,0
4074,0,0:,0
4075,0,0:,0
4082,0,0:,0
4083,0,0:,0
4084,0,0:,0
4091,0,0:,0
4092,0,0:,0
4093,0,0:,0
4100,0,0:,0
4101,0,0:,0
4102,0,0:,0
4109,0,0:,0
4110,0,0:,0
4111,0,0:,0
4118,0,0:,0
4119,0,0:,0
4120,0,0:,0
4127,0,0:,0
4128,0,0:,0
4129,0,0:,0
4136,0,0:,0
4137,0,0:,0
4138,0,0:,0
4145,0,0:,0
4146,0,0:,0
4147,0,0:,0
4154,0,0:,0
4155,0,0:,0
4156,0,0:,0
4163,0,0:,0
4164,0,0:,0
4165,0,0:,0
4172,0,0:,0
4173,0,0:,0
4174,0,0:,0
4181,0,0:,0
4182,0,0:,0
4183,0,0:,0
4190,0,0:,0
4191,0,0:,0
4192,0,0:,0
4199,0,0:,0
4200,0,0:,0
4201,0,0:,0
4208,0,0:,0
4209,0,0:,0
4210,0,0:,0
4217,0,0:,0
4218,0,0:,0
4219,0,0:,0
4226,0,0:,0
4227,0,0:,0
4228,0,0:,0
4235,0,0:,0
4236,0,0:,0
4237,0,0:,0
4244,0,0:,0
4245,0,0:,0
4246,0,0:,0
4253,0,0:,0
4254,0,0:,0
4255,0,0:,0
4262,0,0:,0
4263,0,0:,0
4264,0,0:,0
4271,0,0:,0
4272,0,0:,0
4273,0,0:,0
4280,0,0:,0
4281,0,0:,0
4282,0,0:,0
4289,0,0:,0
4290,0,0:,0
4291,0,0:,0
4298,0,0:,0
4299,0,0:,0
4300,0,0:,0
4307,0,0:,0
4308,0,0:,0
4309,0,0:,0
4316,0,0:,0
4317,0,0:,0
4318,0,0:,0
4325,0,0:,0
4326,0,0:,0
4327,0,0:,0
4334,0,0:,0
4335,0,0:,0
4336,0,0:,0
4343,0,0:,0
4344,0,0:,0
4345,0,0:,0
4352,0,0:,0
4353,0,0:,0
4354,0,0:,0
4361,0,0:,0
4362,0,0:,0
4363,0,0:,0
4370,0,0:,0
4371,0,0:,0
4372,0,0:,0
4379,0,0:,0
4380,0,0:,0
4381,0,0:,0
4388,0,0:,0
4389,0,0:,0
4390,0,0:,0
4397,0,0:,0
4398,0,0:,0
4399,0,0:,0
4406,0,0:,0
4407,0,0:,0
4408,0,0:,0
4415,0,0:,0
4416,0,0:,0
4417,0,0:,0
4424,0,0:,0
4425,0,0:,0
4426,0,0:,0
4433,0,0:,0
4434,0,0:,0
4435,0,0:,0
4442,0,0:,0
4443,0,0:,0
4444,0,0:,0
4451,0,0:,0
4452,0,0:,0
4453,0,0:,0
4460,0,0:,0
4461,0,0:,0
4462,0,0:,0
4469,0,0:,0
4470,0,0:,0
4471,0,0:,0
4478,0,0:,0
4479,0,0:,0
4480,0,0:,0
4487,0,0:,0
4488,0,0:,0
4489,0,0:,0
4496,0,0:,0
4497,0,0:,0
4498,0,0:,0
4505,0,0:,0
4506,0,0:,0
4507,0,0:,0
4514,0,0:,0
4515,0,0:,0
4516,0,0:,0
4523,0,0:,0
4524,0,0:,0
4525,0,0:,0
4532,0,0:,0
4533,0,0:,0
4534,0,0:,0
4541,0,0:,0
4542,0,0:,0
4543,0,0:,0
4550,0,0:,0
4551,0,0:,0
4552,0,0:,0
4559,0,0:,0
4560,0,0:,0
4561,0,0:,0
4568,0,0:,0
4569,0,0:,0
4570,0,0:,0
4577,0,0:,0
4578,0,0:,0
4579,0,0:,0
4586,0,0:,0
4587,0,0:,0
4588,0,0:,0
4595,0,0:,0
4596,0,0:,0
4597,0,0:,0
4604,0,0:,0
4605,0,0:,0
4606,0,0:,0
4613,0,0:,0
4614,0,0:,0
4615,0,0:,0
4622,0,0:,0
4623,0,0:,0
4624,0,0:,0
4631,0,0:,0
4632,0,0:,0
4633,0,0:,0
4640,0,0:,0
4641,0,0:,0
4642,0,0:,0
4649,0,0:,0
4650,0,0:,0
4651,0,0:,0
4658,0,0:,0
4659,0,0:,0
4660,0,0:,0
4667,0,0:,0
4668,0,0:,0
4669,0,0:,0
4676,0,0:,0
4677,0,0:,0
4678,0,0:,0
4685,0,0:,0
4686,0,0:,0
4687,0,0:,0
4694,0,0:,0
4695,0,0:,0
4696,0,0:,0
4703,0,0:,0
4704,0,0:,0
4705,0,0:,0
4712,0,0:,0
4713,0,0:,0
4714,0,0:,0
4721,0,0:,0
4722,0,0:,0
4723,0,0:,0
4730,0,0:,0
4731,0,0:,0
4732,0,0:,0
4739,0,0:,0
4740,0,0:,0
4741,0,0:,0
4748,0,0:,0
4749,0,0:,0
4750,0,0:,0
4757,0,0:,0
4758,0,0:,0
4759,0,0:,0
4766,0,0:,0
4767,0,0:,0
4768,0,0:,0
4775,0,0:,0
4776,0,0:,0
4777,0,0:,0
4784,0,0:,0
4785,0,0:,0
4786,0,0:,0
4793,0,0:,0
4794,0,0:,0
4795,0,0:,0
4802,0,0:,0
4803,0,0:,0
4804,0,0:,0
4811,0,0:,0
4812,0,0:,0
4813,0,0:,0
4820,0,0:,0
4821,0,0:,0
4822,0,0:,0
4829,0,0:,0
4830,0,0:,0
4831,0,0:,0
4838,0,0:,0
4839,0,0:,0
4840,0,0:,0
4847,0,0:,0
4848,0,0:,0
4849,0,0:,0
4856,0,0:,0
4857,0,0:,0
4858,0,0:,0
4865,0,0:,0
4866,0,0:,0
4867,0,0:,0
4874,0,0:,0
4875,0,0:,0
4876,0,0:,0
4883,0,0:,0
4884,0,0:,0
4885,0,0:,0
4892,0,0:,0
4893,0,0:,0
4894,0,0:,0
4901,0,0:,0
4902,0,0:,0
4903,0,0:,0
4910,0,0:,0
4911,0,0:,0
4912,0,0:,0
4919,0,0:,0
4920,0,0:,0
4921,0,0:,0
4928,0,0:,0
4929,0,0:,0
4930,0,0:,0
4937,0,0:,0
4938,0,0:,0
4939,0,0:,0
4946,0,0:,0
4947,0,0:,0
4948,0,0:,0
4955,0,0:,0
4956,0,0:,0
4957,0,0:,0
4964,0,0:,0
4965,0,0:,0
4966,0,0:,0
4973,0,0:,0
4974,0,0:,0
4975,0,0:,0
4982,0,0:,0
4983,0,0:,0
4984,0,0:,0
4991,0,0:,0
4992,0,0:,0
4993,0,0:,0
5000,0,0:,0
5001,0,0:,0
5002,0,0:,0
5009,0,0:,0
5010,0,0:,0
5011,0,0:,0
5018,0,0:,0
5019,0,0:,0
5020,0,0:,0
5027,0,0:,0
5028,0,0:,0
5029,0,0:,0
5036,0,0:,0
5037,0,0:,0
5038,0,0:,0
5045,0,0:,0
5046,0,0:,0
5047,0,0:,0
5054,0,0:,0
5055,0,0:,0
5056,0,0:,0
5063,0,0:,0
5064,0,0:,0
5065,0,0:,0
5072,0,0:,0
5073,0,0:,0
5074,0,0:,0
5081,0,0:,0
5082,0,0:,0
5083,0,0:,0
5090,0,0:,0
5091,0,0:,0
5092,0,0:,0
5099,0,0:,0
5100,0,0:,0
5101,0,0:,0
5108,0,0:,0
5109,0,0:,0
5110,0,0:,0
5117,0,0:,0
5118,0,0:,0
5119,0,0:,0
5126,0,0:,0
5127,0,0:,0
5128,0,0:,0
5135,0,0:,0
5136,0,0:,0
5137,0,0:,0
5144,0,0:,0
5145,0,0:,0
5146,0,0:,0
5153,0,0:,0
5154,0,0:,0
5155,0,0:,0
5162,0,0:,0
5163,0,0:,0
5164,0,0:,0
5171,0,0:,0
5172,0,0:,0
5173,0,0:,0
5180,0,0:,0
5181,0,0:,0
5182,0,0:,0
5189,0,0:,0
5190,0,0:,0
5191,0,0:,0
5198,0,0:,0
5199,0,0:,0
5200,0,0:,0
5207,0,0:,0
5208,0,0:,0
5209,0,0:,0
5216,0,0:,0
5217,0,0:,0
5218,0,0:,0
5225,0,0:,0
5226,0,0:,0
5227,0,0:,0
5234,0,0:,0
5235,0,0:,0
5236,0,0:,0
5243,0,0:,0
5244,0,0:,0
5245,0,0:,0
5252,0,0:,0
5253,0,0:,0
5254,0,0:,0
5261,0,0:,0
5262,0,0:,0
5263,0,0:,0
5270,0,0:,0
5271,0,0:,0
5272,0,0:,0
5279,0,0:,0
5280,0,0:,0
5281,0,0:,0
5288,0,0:,0
5289,0,0:,0
5290,0,0:,0
5297,0,0:,0
5298,0,0:,0
5299,0,0:,0
5306,0,0:,0
5307,0,0:,0
5308,0,0:,0
5315,0,0:,0
5316,0,0:,0
5317,0,0:,0
5324,0,0:,0
5325,0,0:,0
5326,0,0:,0
5333,0,0:,0
5334,0,0:,0
5335,0,0:,0
5342,0,0:,0
5343,0,0:,0
5344,0,0:,0
5351,0,0:,0
5352,0,0:,0
5353,0,0:,0
5360,0,0:,0
5361,0,0:,0
5362,0,0:,0
5369,0,0:,0
5370,0,0:,0
5371,0,0:,0
5378,0,0:,0
5379,0,0:,0
5380,0,0:,0
5387,0,0:,0
5388,0,0:,0
5389,0,0:,0
5396,0,0:,0
5397,0,0:,0
5398,0,0:,0
5405,0,0:,0
5406,0,0:,0
5407,0,0:,0
5414,0,0:,0
5415,0,0:,0
5416,0,0:,0
5423,0,0:,0
5424,0,0:,0
5425,0,0:,0
5432,0,0:,0
5433,0,0:,0
5434,0,0:,0
5441,0,0:,0
5442,0,0:,0
5443,0,0:,0
5450,0,0:,0
5451,0,0:,0
5452,0,0:,0
5459,0,0:,0
5460,0,0:,0
5461,0,0:,0
5468,0,0:,0
5469,0,0:,0
5470,0,0:,0
5477,0,0:,0
5478,0,0:,0
5479,0,0:,0
5486,0,0:,0
5487,0,0:,0
5488,0,0:,0
5495,0,0:,0
5496,0,0:,0
5497,0,0:,0
5504,0,0:,0
5505,0,0:,0
5506,0,0:,0
5513,0,0:,0
5514,0,0:,0
5515,0,0:,0
5522,0,0:,0
5523,0,0:,0
5524,0,0:,0
5531,0,0:,0
5532,0,0:,0
5533,0,0:,0
5540,0,0:,0
5541,0,0:,0
5542,0,0:,0
5549,0,0:,0
5550,0,0:,0
5551,0,0:,0
5558,0,0:,0
5559,0,0:,0
5560,0,0:,0
5567,0,0:,0
5568,0,0:,0
5569,0,0:,0
5576,0,0:,0
5577,0,0:,0
5578,0,0:,0
5585,0,0:,0
5586,0,0:,0
5587,0,0:,0
5594,0,0:,0
5595,0,0:,0
5596,0,0:,0
5603,0,0:,0
5604,0,0:,0
5605,0,0:,0
5612,0,0:,0
5613,0,0:,0
5614,0,0:,0
5621,0,0:,0
5622,0,0:,0
5623,0,0:,0
5630,0,0:,0
5631,0,0:,0
5632,0,0:,0
5639,0,0:,0
5640,0,0:,0
5641,0,0:,0
5648,0,0:,0
5649,0,0:,0
5650,0,0:,0
5657,0,0:,0
5658,0,0:,0
5659,0,0:,0
5666,0,0:,0
5667,0,0:,0
5668,0,0:,0
5675,0,0:,0
5676,0,0:,0
5677,0,0:,0
5684,0,0:,0
5685,0,0:,0
5686,0,0:,0
5693,0,0:,0
5694,0,0:,0
5695,0,0:,0
5702,0,0:,0
5703,0,0:,0
5704,0,0:,0
5711,0,0:,0
5712,0,0:,0
5713,0,0:,0
5720,0,0:,0
5721,0,0:,0
5722,0,0:,0
5729,0,0:,0
5730,0,0:,0
5731,0,0:,0
5738,0,0:,0
5739,0,0:,0
5740,0,0:,0
5747,0,0:,0
5748,0,0:,0
5749,0,0:,0
5756,0,0:,0
5757,0,0:,0
5758,0,0:,0
5765,0,0:,0
5766,0,0:,0
5767,0,0:,0
5774,0,0:,0
5775,0,0:,0
5776,0,0:,0
5783,0,0:,0
5784,0,0:,0
5785,0,0:,0
5792,0,0:,0
5793,0,0:,0
5794,0,0:,0
5801,0,0:,0
5802,0,0:,0
5803,0,0:,0
5810,0,0:,0
5811,0,0:,0
5812,0,0:,0
5819,0,0:,0
5820,0,0:,0
5821,0,0:,0
5828,0,0:,0
5829,0,0:,0
5830,0,0:,0
5837,0,0:,0
5838,0,0:,0
5839,0,0:,0
5846,0,0:,0
5847,0,0:,0
5848,0,0:,0
5855,0,0:,0
5856,0,0:,0
5857,0,0:,0
5864,0,0:,0
5865,0,0:,0
5866,0,0:,0
5873,0,0:,0
5874,0,0:,0
5875,0,0:,0
5882,0,0:,0
5883,0,0:,0
5884,0,0:,0
5891,0,0:,0
5892,0,0:,0
5893,0,0:,0
5900,0,0:,0
5901,0,0:,0
5902,0,0:,0
5909,0,0:,0
5910,0,0:,0
5911,0,0:,0
5918,0,0:,0
5919,0,0:,0
5920,0,0:,0
5927,0,0:,0
5928,0,0:,0
5929,0,0:,0
5936,0,0:,0
5937,0,0:,0
5938,0,0:,0
5945,0,0:,0
5946,0,0:,0
5947,0,0:,0
5954,0,0:,0
5955,0,0:,0
5956,0,0:,0
5963,0,0:,0
5964,0,0:,0
5965,0,0:,0
5972,0,0:,0
5973,0,0:,0
5974,0,0:,0
5981,0,0:,0
5982,0,0:,0
5983,0,0:,0
5990,0,0:,0
5991,0,0:,0
5992,0,0:,0
5999,0,0:,0
6000,0,0:,0
6001,0,0:,0
6008,0,0:,0
6009,0,0:,0
6010,0,0:,0
6017,0,0:,0
6018,0,0:,0
6019,0,0:,0
6026,0,0:,0
6027,0,0:,0
6028,0,0:,0
6035,0,0:,0
6036,0,0:,0
6037,0,0:,0
6044,0,0:,0
6045,0,0:,0
6046,0,0:,0
6053,0,0:,0
6054,0,0:,0
6055,0,0:,0
6062,0,0:,0
6063,0,0:,0
6064,0,0:,0
6071,0,0:,0
6072,0,0:,0
6073,0,0:,0
6080,0,0:,0
6081,0,0:,0
6082,0,0:,0
6089,0,0:,0
6090,0,0:,0
6091,0,0:,0
6098,0,0:,0
6099,0,0:,0
6100,0,0:,0
6107,0,0:,0
6108,0,0:,0
6109,0,0:,0
6116,0,0:,0
6117,0,0:,0
6118,0,0:,0
6125,0,0:,0
6126,0,0:,0
6127,0,0:,0
6134,0,0:,0
6135,0,0:,0
6136,0,0:,0
6143,0,0:,0
6144,0,0:,0
6145,0,0:,0
6152,0,0:,0
6153,0,0:,0
6154,0,0:,0
6161,0,0:,0
6162,0,0:,0
6163,0,0:,0
6170,0,0:,0
6171,0,0:,0
6172,0,0:,0
6179,0,0:,0
6180,0,0:,0
6181,0,0:,0
6188,0,0:,0
6189,0,0:,0
6190,0,0:,0
6197,0,0:,0
6198,0,0:,0
6199,0,0:,0
6206,0,0:,0
6207,0,0:,0
6208,0,0:,0
6215,0,0:,0
6216,0,0:,0
6217,0,0:,0
6224,0,0:,0
6225,0,0:,0
6226,0,0:,0
6233,0,0:,0
6234,0,0:,0
6235,0,0:,0
6242,0,0:,0
6243,0,0:,0
6244,0,0:,0
6251,0,0:,0
6252,0,0:,0
6253,0,0:,0
6260,0,0:,0
6261,0,0:,0
6262,0,0:,0
6269,0,0:,0
6270,0,0:,0
6271,0,0:,0
6278,0,0:,0
6279,0,0:,0
6280,0,0:,0
6287,0,0:,0
6288,0,0:,0
6289,0,0:,0
6296,0,0:,0
6297,0,0:,0
6298,0,0:,0
6305,0,0:,0
6306,0,0:,0
6307,0,0:,0
6314,0,0:,0
6315,0,0:,0
6316,0,0:,0
6323,0,0:,0
6324,0,0:,0
6325,0,0:,0
6332,0,0:,0
6333,0,0:,0
6334,0,0:,0
6341,0,0:,0
6342,0,0:,0
6343,0,0:,0
6350,0,0:,0
6351,0,0:,0
6352,0,0:,0
6359,0,0:,0
6360,0,0:,0
6361,0,0:,0
6368,0,0:,0
6369,0,0:,0
6370,0,0:,0
6377,0,0:,0
6378,0,0:,0
6379,0,0:,0
6386,0,0:,0
6387,0,0:,0
6388,0,0:,0
6395,0,0:,0
6396,0,0:,0
6397,0,0:,0
6404,0,0:,0
6405,0,0:,0
6406,0,0:,0
6413,0,0:,0
6414,0,0:,0
6415,0,0:,0
6422,0,0:,0
6423,0,0:,0
6424,0,0:,0
6431,0,0:,0
6432,0,0:,0
6433,0,0:,0
6440,0,0:,0
6441,0,0:,0
6442,0,0:,0
6449,0,0:,0
6450,0,0:,0
6451,0,0:,0
6458,0,0:,0
6459,0,0:,0
6460,0,0:,0
6467,0,0:,0
6468,0,0:,0
6469,0,0:,0
6476,0,0:,0
6477,0,0:,0
6478,0,0:,0
6485,0,0:,0
6486,0,0:,0
6487,0,0:,0
6494,0,0:,0
6495,0,0:,0
6496,0,0:,0
6503,0,0:,0
6504,0,0:,0
6505,0,0:,0
6512,0,0:,0
6513,0,0:,0
6514,0,0:,0
6521,0,0:,0
6522,0,0:,0
6523,0,0:,0
6530,0,0:,0
6531,0,0:,0
6532,0,0:,0
6539,0,0:,0
6540,0,0:,0
6541,0,0:,0
6548,0,0:,0
6549,0,0:,0
6550,0,0:,0
6557,0,0:,0
6558,0,0:,0
6559,0,0:,0
6566,0,0:,0
6567,0,0:,0
6568,0,0:,0
6575,0,0:,0
6576,0,0:,0
6577,0,0:,0
6584,0,0:,0
6585,0,0:,0
6586,0,0:,0
6593,0,0:,0
6594,0,0:,0
6595,0,0:,0
6602,0,0:,0
6603,0,0:,0
6604,0,0:,0
6611,0,0:,0
6612,0,0:,0
6613,0,0:,0
6620,0,0:,0
6621,0,0:,0
6622,0,0:,0
6629,0,0:,0
6630,0,0:,0
6631,0,0:,0
6638,0,0:,0
6639,0,0:,0
6640,0,0:,0
6647,0,0:,0
6648,0,0:,0
6649,0,0:,0
6656,0,0:,0
6657,0,0:,0
6658,0,0:,0
6665,0,0:,0
6666,0,0:,0
6667,0,0:,0
6674,0,0:,0
6675,0,0:,0
6676,0,0:,0
6683,0,0:,0
6684,0,0:,0
6685,0,0:,0
6692,0,0:,0
6693,0,0:,0
6694,0,0:,0
6701,0,0:,0
6702,0,0:,0
6703,0,0:,0
6710,0,0:,0
6711,0,0:,0
6712,0,0:,0
6719,0,0:,0
6720,0,0:,0
6721,0,0:,0
6728,0,0:,0
6729,0,0:,0
6730,0,0:,0
6737,0,0:,0
6738,0,0:,0
6739,0,0:,0
6746,0,0:,0
6747,0,0:,0
6748,0,0:,0
6755,0,0:,0
6756,0,0:,0
6757,0,0:,0
6764,0,0:,0
6765,0,0:,0
6766,0,0:,0
6773,0,0:,0
6774,0,0:,0
6775,0,0:,0
6782,0,0:,0
6783,0,0:,0
6784,0,0:,0
6791,0,0:,0
6792,0,0:,0
6793,0,0:,0
6800,0,0:,0
6801,0,0:,0
6802,0,0:,0
6809,0,0:,0
6810,0,0:,0
6811,0,0:,0
6818,0,0:,0
6819,0,0:,0
6820,0,0:,0
6827,0,0:,0
6828,0,0:,0
6829,0,0:,0
6836,0,0:,0
6837,0,0:,0
6838,0,0:,0
6845,0,0:,0
6846,0,0:,0
6847,0,0:,0
6854,0,0:,0
6855,0,0:,0
6856,0,0:,0
6863,0,0:,0
6864,0,0:,0
6865,0,0:,0
6872,0,0:,0
6873,0,0:,0
6874,0,0:,0
6881,0,0:,0
6882,0,0:,0
6883,0,0:,0
6890,0,0:,0
6891,0,0:,0
6892,0,0:,0
6899,0,0:,0
6900,0,0:,0
6901,0,0:,0
6908,0,0:,0
6909,0,0:,0
6910,0,0:,0
6917,0,0:,0
6918,0,0:,0
6919,0,0:,0
6926,0,0:,0
6927,0,0:,0
6928,0,0:,0
6935,0,0:,0
6936,0,0:,0
6937,0,0:,0
6944,0,0:,0
6945,0,0:,0
6946,0,0:,0
6953,0,0:,0
6954,0,0:,0
6955,0,0:,0
6962,0,0:,0
6963,0,0:,0
6964,0,0:,0
6971,0,0:,0
6972,0,0:,0
6973,0,0:,0
6980,0,0:,0
6981,0,0:,0
6982,0,0:,0
6989,0,0:,0
6990,0,0:,0
6991,0,0:,0
6998,0,0:,0
6999,0,0:,0
7000,0,0:,0
7007,0,0:,0
7008,0,0:,0
7009,0,0:,0
7016,0,0:,0
7017,0,0:,0
7018,0,0:,0
7025,0,0:,0
7026,0,0:,0
7027,0,0:,0
7034,0,0:,0
7035,0,0:,0
7036,0,0:,0
7043,0,0:,0
7044,0,0:,0
7045,0,0:,0
7052,0,0:,0
7053,0,0:,0
7054,0,0:,0
7061,0,0:,0
7062,0,0:,0
7063,0,0:,0
7070,0,0:,0
7071,0,0:,0
7072,0,0:,0
7079,0,0:,0
7080,0,0:,0
7081,0,0:,0
7088,0,0:,0
7089,0,0:,0
7090,0,0:,0
7097,0,0:,0
7098,0,0:,0
7099,0,0:,0
7106,0,0:,0
7107,0,0:,0
7108,0,0:,0
7115,0,0:,0
7116,0,0:,0
7117,0,0:,0
7124,0,0:,0
7125,0,0:,0
7126,0,0:,0
7133,0,0:,0
7134,0,0:,0
7135,0,0:,0
7142,0,0:,0
7143,0,0:,0
7144,0,0:,0
7151,0,0:,0
7152,0,0:,0
7153,0,0:,0
7160,0,0:,0
7161,0,0:,0
7162,0,0:,0
7169,0,0:,0
7170,0,0:,0
7171,0,0:,0
7178,0,0:,0
7179,0,0:,0
7180,0,0:,0
7187,0,0:,0
7188,0,0:,0
7189,0,0:,0
7196,0,0:,0
7197,0,0:,0
7198,0,0:,0
7205,0,0:,0
7206,0,0:,0
7207,0,0:,0
7214,0,0:,0
7215,0,0:,0
7216,0,0:,0
7223,0,0:,0
7224,0,0:,0
7225,0,0:,0
7232,0,0:,0
7233,0,0:,0
7234,0,0:,0
7241,0,0:,0
7242,0,0:,0
7243,0,0:,0
7250,0,0:,0
7251,0,0:,0
7252,0,0:,0
7259,0,0:,0
7260,0,0:,0
7261,0,0:,0
7268,0,0:,0
7269,0,0:,0
7270,0,0:,0
7277,0,0:,0
7278,0,0:,0
7279,0,0:,0
7286,0,0:,0
7287,0,0:,0
7288,0,0:,0
7295,0,0:,0
7296,0,0:,0
7297,0,0:,0
7304,0,0:,0
7305,0,0:,0
7306,0,0:,0
7313,0,0:,0
7314,0,0:,0
7315,0,0:,0
7322,0,0:,0
7323,0,0:,0
7324,0,0:,0
7331,0,0:,0
7332,0,0:,0
7333,0,0:,0
7340,0,0:,0
7341,0,0:,0
7342,0,0:,0
7349,0,0:,0
7350,0,0:,0
7351,0,0:,0
7358,0,0:,0
7359,0,0:,0
7360,0,0:,0
7367,0,0:,0
7368,0,0:,0
7369,0,0:,0
7376,0,0:,0
7377,0,0:,0
7378,0,0:,0
7385,0,0:,0
7386,0,0:,0
7387,0,0:,0
7394,0,0:,0
7395,0,0:,0
7396,0,0:,0
7403,0,0:,0
7404,0,0:,0
7405,0,0:,0
7412,0,0:,0
7413,0,0:,0
7414,0,0:,0
7421,0,0:,0
7422,0,0:,0
7423,0,0:,0
7430,0,0:,0
7431,0,0:,0
7432,0,0:,0
7439,0,0:,0
7440,0,0:,0
7441,0,0:,0
7448,0,0:,0
7449,0,0:,0
7450,0,0:,0
7457,0,0:,0
7458,0,0:,0
7459,0,0:,0
7466,0,0:,0
7467,0,0:,0
7468,0,0:,0
7475,0,0:,0
7476,0,0:,0
7477,0,0:,0
7484,0,0:,0
7485,0,0:,0
7486,0,0:,0
7493,0,0:,0
7494,0,0:,0
7495,0,0:,0
7502,0,0:,0
7503,0,0:,0
7504,0,0:,0
7511,0,0:,0
7512,0,0:,0
7513,0,0:,0
7520,0,0:,0
7521,0,0:,0
7522,0,0:,0
7529,0,0:,0
7530,0,0:,0
7531,0,0:,0
7538,0,0:,0
7539,0,0:,0
7540,0,0:,0
7547,0,0:,0
7548,0,0:,0
7549,0,0:,0
7556,0,0:,0
7557,0,0:,0
7558,0,0:,0
7565,0,0:,0
7566,0,0:,0
7567,0,0:,0
7574,0,0:,0
7575,0,0:,0
7576,0,0:,0
7583,0,0:,0
7584,0,0:,0
7585,0,0:,0
7592,0,0:,0
7593,0,0:,0
7594,0,0:,0
7601,0,0:,0
7602,0,0:,0
7603,0,0:,0
7610,0,0:,0
7611,0,0:,0
7612,0,0:,0
7619,0,0:,0
7620,0,0:,0
7621,0,0:,0
7628,0,0:,0
7629,0,0:,0
7630,0,0:,0
7637,0,0:,0
7638,0,0:,0
7639,0,0:,0
7646,0,0:,0
7647,0,0:,0
7648,0,0:,0
7655,0,0:,0
7656,0,0:,0
7657,0,0:,0
7664,0,0:,0
7665,0,0:,0
7666,0,0:,0
7673,0,0:,0
7674,0,0:,0
7675,0,0:,0
7682,0,0:,0
7683,0,0:,0
7684,0,0:,0
7691,0,0:,0
7692,0,0:,0
7693,0,0:,0
7700,0,0:,0
7701,0,0:,0
7702,0,0:,0
7709,0,0:,0
7710,0,0:,0
7711,0,0:,0
7718,0,0:,0
7719,0,0:,0
7720,0,0:,0
7727,0,0:,0
7728,0,0:,0
7729,0,0:,0
7736,0,0:,0
7737,0,0:,0
7738,0,0:,0
7745,0,0:,0
7746,0,0:,0
7747,0,0:,0
7755,7169,0:,-76
7756,0,0:,0
7757,0,0:,0
7764,7169,0:,-76
7765,0,0:,0
7766,0,0:,0
7773,7169,0:,-76
7774,0,0:,0
7775,0,0:,0
7783,7169,0:,-76
7784,0,0:,0
7785,0,0:,0
7793,7169,0:,-76
7794,7171,0:,-66
7795,0,0:,0
7802,7169,0:,-76
7803,7171,0:,-66
7804,0,0:,0
7811,7169,0:,-76
7812,7171,0:,-66
7813,0,0:,0
7820,7169,0:,-76
7821,7171,0:,-66
7822,0,0:,0
7829,7169,0:,-76
7830,7171,0:,-66
7831,0,0:,0
7838,7169,0:,-76
7839,7171,0:,-66
7840,0,0:,0
7847,7169,1:,-76
7848,7171,0:,-66
7849,0,0:,0
7856,7169,1:,-76
7857,7171,0:,-66
7858,0,0:,0
7865,7169,1:,-76
7866,7171,0:,-66
7867,0,0:,0
7874,7169,1:,-76
7875,7171,0:,-66
7876,0,0:,0
7883,7169,1:,-76
7884,7171,1:,-66
7885,0,0:,0
7892,7169,1:,-76
7893,7171,1:,-66
7894,0,0:,0
7901,7169,1:,-76
7902,7171,1:,-66
7903,0,0:,0
7910,7169,1:,-76
7911,7171,1:,-66
7912,0,0:,0
7919,7169,1:,-76
7920,7171,1:,-66
7921,0,0:,0
7928,7169,1:,-76
7929,7171,1:,-66
7930,0,0:,0
7937,7169,2:,-76
7938,7171,1:,-66
7939,0,0:,0
7946,7169,2:,-76
7947,7171,1:,-66
7948,0,0:,0
7955,7169,2:,-76
7956,7171,1:,-66
7957,0,0:,0
7964,7169,2:,-76
7965,7171,1:,-66
7966,0,0:,0
7973,7169,2:,-76
7974,7171,2:,-66
7975,0,0:,0
7982,7169,2:,-76
7983,7171,2:,-66
7984,0,0:,0
7991,7169,2:,-76
7992,7171,2:,-66
7993,0,0:,0
8000,7169,2:,-76
8001,7171,2:,-66
8002,0,0:,0
8009,7169,2:,-76
8010,7171,2:,-66
8011,0,0:,0
8018,7169,2:,-76
8019,7171,2:,-66
8020,0,0:,0
8027,7169,3:,-76
8028,7171,2:,-66
8029,0,0:,0
8036,7169,3:,-76
8037,7171,2:,-66
8038,0,0:,0
8045,7169,3:,-76
8046,7171,2:,-66
8047,0,0:,0
8054,7169,3:,-76
8055,7171,2:,-66
8056,0,0:,0
8063,7169,3:,-76
8064,7171,3:,-66
8065,0,0:,0
8072,7169,3:,-76
8073,7171,3:,-66
8074,0,0:,0
8081,7169,3:,-76
8082,7171,3:,-66
8083,0,0:,0
8090,7169,3:,-76
8091,7171,3:,-66
8092,0,0:,0
8099,7169,3:,-76
8100,7171,3:,-66
8101,0,0:,0
8108,7169,3:,-76
8109,7171,3:,-66
8110,0,0:,0
8117,7169,4:,-76
8118,7171,3:,-66
8119,0,0:,0
8126,7169,4:,-76
8127,7171,3:,-66
8128,0,0:,0
8135,7169,4:,-76
8136,7171,3:,-66
8137,0,0:,0
8144,7169,4:,-76
8145,7171,3:,-66
8146,0,0:,0
8153,7169,4:,-76
8154,7171,4:,-66
8155,0,0:,0
8162,7169,4:,-76
8163,7171,4:,-66
8164,0,0:,0
8171,7169,4:,-76
8172,7171,4:,-66
8173,0,0:,0
8180,7169,4:,-76
8181,7171,4:,-66
8182,0,0:,0
8189,7169,4:,-76
8190,7171,4:,-66
8191,0,0:,0
8198,7169,4:,-76
8199,7171,4:,-66
8200,0,0:,0
8207,7169,5:,-76
8208,7171,4:,-66
8209,0,0:,0
8216,7169,5:,-76
8217,7171,4:,-66
8218,0,0:,0
8225,7169,5:,-76
8226,7171,4:,-66
8227,0,0:,0
8234,7169,5:,-76
8235,7171,4:,-66
8236,0,0:,0
8243,7169,5:,-76
8244,7171,5:,-66
8245,0,0:,0
8252,7169,5:,-76
8253,7171,5:,-66
8254,0,0:,0
8261,7169,5:,-76
8262,7171,5:,-66
8263,0,0:,0
8270,7169,5:,-76
8271,7171,5:,-66
8272,0,0:,0
8279,7169,5:,-76
8280,7171,5:,-66
8281,0,0:,0
8288,7169,5:,-76
8289,7171,5:,-66
8290,0,0:,0
8297,7169,6:,-76
8298,7171,5:,-66
8299,0,0:,0
8306,7169,6:,-76
8307,7171,5:,-66
8308,0,0:,0
8315,7169,6:,-76
8316,7171,5:,-66
8317,0,0:,0
8324,7169,6:,-76
8325,7171,5:,-66
8326,0,0:,0
8333,7169,6:,-76
8334,7171,6:,-66
8335,0,0:,0
8342,7169,6:,-76
8343,7171,6:,-66
8344,0,0:,0
8351,7169,6:,-76
8352,7171,6:,-66
8353,0,0:,0
8360,7169,6:,-76
8361,7171,6:,-66
8362,0,0:,0
8369,7169,6:,-76
8370,7171,6:,-66
8371,0,0:,0
8378,7169,6:,-76
8379,7171,6:,-66
8380,0,0:,0
8387,7169,7:,-76
8388,7171,6:,-66
8389,0,0:,0
8396,7169,7:,-76
8397,7171,6:,-66
8398,0,0:,0
8405,7169,7:,-76
8406,7171,6:,-66
8407,0,0:,0
8414,7169,7:,-76
8415,7171,6:,-66
8416,0,0:,0
8423,7169,7:,-76
8424,7171,7:,-66
8425,0,0:,0
8432,7169,7:,-76
8433,7171,7:,-66
8434,0,0:,0
8441,7169,7:,-76
8442,7171,7:,-66
8443,0,0:,0
8450,7169,7:,-76
8451,7171,7:,-66
8452,0,0:,0
8459,7169,7:,-76
8460,7171,7:,-66
8461,0,0:,0
8468,7169,7:,-76
8469,7171,7:,-66
8470,0,0:,0
8477,7169,8:,-76
8478,7171,7:,-66
8479,0,0:,0
8486,7169,8:,-76
8487,7171,7:,-66
8488,0,0:,0
8495,7169,8:,-76
8496,7171,7:,-66
8497,0,0:,0
8504,7169,8:,-76
8505,7171,7:,-66
8506,0,0:,0
8513,7169,8:,-76
8514,7171,8:,-66
8515,0,0:,0
8522,7169,8:,-76
8523,7171,8:,-66
8524,0,0:,0
8531,7169,8:,-76
8532,7171,8:,-66
8533,0,0:,0
8540,7169,8:,-76
8541,7171,8:,-66
8542,0,0:,0
8549,7169,8:,-76
8550,7171,8:,-66
8551,0,0:,0
8558,7169,8:,-76
8559,7171,8:,-66
8560,0,0:,0
8567,7169,9:,-76
8568,7171,8:,-66
8569,0,0:,0
8576,7169,9:,-76
8577,7171,8:,-66
8578,0,0:,0
8585,7169,9:,-76
8586,7171,8:,-66
8587,0,0:,0
8594,7169,9:,-76
8595,7171,8:,-66
8596,0,0:,0
8603,7169,9:,-76
8604,7171,9:,-66
8605,0,0:,0
8612,7169,9:,-76
8613,7171,9:,-66
8614,0,0:,0
8621,7169,9:,-76
8622,7171,9:,-66
8623,0,0:,0
8630,7169,9:,-76
8631,7171,9:,-66
8632,0,0:,0
8639,7169,9:,-76
8640,7171,9:,-66
8641,0,0:,0
8648,7169,9:,-76
8649,7171,9:,-66
8650,0,0:,0
8657,7169,10:,-76
8658,7171,9:,-66
8659,0,0:,0
8666,7169,10:,-76
8667,7171,9:,-66
8668,0,0:,0
8675,7169,10:,-76
8676,7171,9:,-66
8677,0,0:,0
8684,7169,10:,-76
8685,7171,9:,-66
8686,0,0:,0
8693,7169,10:,-76
8694,7171,10:,-66
8695,0,0:,0
8702,7169,10:,-76
8703,7171,10:,-66
8704,0,0:,0
8711,7169,10:,-76
8712,7171,10:,-66
8713,0,0:,0
8720,7169,10:,-76
8721,7171,10:,-66
8722,0,0:,0
8729,7169,10:,-76
8730,7171,10:,-66
8731,0,0:,0
8738,7169,10:,-76
8739,7171,10:,-66
8740,0,0:,0
8747,7169,11:,-76
8748,7171,10:,-66
8749,0,0:,0
8756,7169,11:,-76
8757,7171,10:,-66
8758,0,0:,0
8765,7169,11:,-76
8766,7171,10:,-66
8767,0,0:,0
8774,7169,11:,-76
8775,7171,10:,-66
8776,0,0:,0
8783,7169,11:,-76
8784,7171,11:,-66
8785,0,0:,0
8792,7169,11:,-76
8793,7171,11:,-66
8794,0,0:,0
8801,7169,11:,-76
8802,7171,11:,-66
8803,0,0:,0
8810,7169,11:,-76
8811,7171,11:,-66
8812,0,0:,0
8819,7169,11:,-76
8820,7171,11:,-66
8821,0,0:,0
8828,7169,11:,-76
8829,7171,11:,-66
8830,0,0:,0
8837,7169,12:,-76
8838,7171,11:,-66
8839,0,0:,0
8846,7169,12:,-76
8847,7171,11:,-66
8848,0,0:,0
8855,7169,12:,-76
8856,7171,11:,-66
8857,0,0:,0
8864,7169,12:,-76
8865,7171,11:,-66
8866,0,0:,0
8873,7169,12:,-76
8874,7171,12:,-66
8875,0,0:,0
8882,7169,12:,-76
8883,7171,12:,-66
8884,0,0:,0
8891,7169,12:,-76
8892,7171,12:,-66
8893,0,0:,0
8900,7169,12:,-76
8901,7171,12:,-66
8902,0,0:,0
8909,7169,12:,-76
8910,7171,12:,-66
8911,0,0:,0
8918,7169,12:,-76
8919,7171,12:,-66
8920,0,0:,0
8927,7169,13:,-76
8928,7171,12:,-66
8929,0,0:,0
8936,7169,13:,-76
8937,7171,12:,-66
8938,0,0:,0
8945,7169,13:,-76
8946,7171,12:,-66
8947,0,0:,0
8954,7169,13:,-76
8955,7171,12:,-66
8956,0,0:,0
8963,7169,13:,-76
8964,7171,13:,-66
8965,0,0:,0
8972,7169,13:,-76
8973,7171,13:,-66
8974,0,0:,0
8981,7169,13:,-76
8982,7171,13:,-66
8983,0,0:,0
8990,7169,13:,-76
8991,7171,13:,-66
8992,0,0:,0
8999,7169,13:,-76
9000,7171,13:,-66
9001,0,0:,0
9008,7169,13:,-76
9009,7171,13:,-66
9010,0,0:,0
9017,7169,14:,-76
9018,7171,13:,-66
9019,0,0:,0
9026,7169,14:,-76
9027,7171,13:,-66
9028,0,0:,0
9035,7169,14:,-76
9036,7171,13:,-66
9037,0,0:,0
9044,7169,14:,-76
9045,7171,13:,-66
9046,0,0:,0
9053,7169,14:,-76
9054,7171,14:,-66
9055,0,0:,0
9062,7169,14:,-76
9063,7171,14:,-66
9064,0,0:,0
9071,7169,14:,-76
9072,7171,14:,-66
9073,0,0:,0
9080,7169,14:,-76
9081,7171,14:,-66
9082,0,0:,0
9089,7169,14:,-76
9090,7171,14:,-66
9091,0,0:,0
9098,7169,14:,-76
9099,7171,14:,-66
9100,0,0:,0
9107,7169,15:,-76
9108,7171,14:,-66
9109,0,0:,0
9116,7169,15:,-76
9117,7171,14:,-66
9118,0,0:,0
9125,7169,15:,-76
9126,7171,14:,-66
9127,0,0:,0
9134,7169,15:,-76
9135,7171,14:,-66
9136,0,0:,0
9143,7169,15:,-76
9144,7171,15:,-66
9145,0,0:,0
9152,7169,15:,-76
9153,7171,15:,-66
9154,0,0:,0
9161,7169,15:,-76
9162,7171,15:,-66
9163,0,0:,0
9170,7169,15:,-76
9171,7171,15:,-66
9172,0,0:,0
9179,7169,15:,-76
9180,7171,15:,-66
9181,0,0:,0
9188,7169,15:,-76
9189,7171,15:,-66
9190,0,0:,0
9197,7169,16:,-77
9198,7171,15:,-66
9199,0,0:,0
9206,7169,16:,-77
9207,7171,15:,-66
9208,0,0:,0
9215,7169,16:,-77
9216,7171,15:,-66
9217,0,0:,0
9224,7169,16:,-77
9225,7171,15:,-66
9226,0,0:,0
9233,7169,16:,-77
9234,7171,16:,-66
9235,0,0:,0
9242,7169,16:,-77
9243,7171,16:,-66
9244,0,0:,0
9251,7169,16:,-77
9252,7171,16:,-66
9253,0,0:,0
9260,7169,16:,-77
9261,7171,16:,-66
9262,0,0:,0
9269,7169,16:,-77
9270,7171,16:,-66
9271,0,0:,0
9279,7170,16:,-65
9280,0,0:,0
9281,0,0:,0
9288,7170,16:,-65
9289,0,0:,-78
9290,7170,16:,-65
9297,7170,16:,-65
9298,0,0:,-78
9299,7170,16:,-65
9306,7170,16:,-65
9307,0,0:,-78
9308,7170,16:,-65
9315,7170,17:,-65
9316,0,0:,-78
9317,7170,17:,-65
9324,7170,17:,-65
9325,0,0:,-78
9326,7170,17:,-65
9333,7170,17:,-65
9334,0,0:,-78
9335,7170,17:,-65
9342,7170,17:,-65
9343,0,0:,-78
9344,7170,17:,-65
9351,7170,17:,-65
9352,0,0:,-78
9353,7170,17:,-65
9360,7170,17:,-65
9361,0,0:,-78
9362,7170,17:,-65
9369,7170,17:,-65
9370,0,0:,-78
9371,7170,17:,-65
9378,7170,17:,-65
9379,0,1:,-78
9380,7170,17:,-65
9387,7170,17:,-65
9388,0,0:,-78
9389,7170,17:,-65
9396,7170,17:,-65
9397,0,0:,-78
9398,7170,17:,-65
9405,7170,18:,-65
9406,0,0:,-78
9407,7170,18:,-65
9414,7170,18:,-65
9415,0,0:,-78
9416,7170,18:,-65
9423,7170,18:,-65
9424,0,0:,-78
9425,7170,18:,-65
9432,7170,18:,-65
9433,0,0:,-78
9434,7170,18:,-65
9441,7170,18:,-65
9442,0,0:,-78
9443,7170,18:,-65
9450,7170,18:,-65
9451,0,0:,-78
9452,7170,18:,-65
9459,7170,18:,-65
9460,0,0:,-78
9461,7170,18:,-65
9468,7170,18:,-65
9469,0,0:,-78
9470,7170,18:,-65
9477,7170,18:,-65
9478,0,1:,-78
9479,7170,18:,-65
9486,7170,18:,-65
9487,0,1:,-78
9488,7170,18:,-65
9495,7170,19:,-65
9496,0,1:,-78
9497,7170,19:,-65
9504,7170,19:,-66
9505,0,0:,-78
9506,7170,19:,-66
9513,7170,19:,-66
9514,0,0:,-78
9515,7170,19:,-66
9522,7170,19:,-66
9523,0,0:,-78
9524,7170,19:,-66
9531,7170,19:,-66
9532,0,0:,-78
9533,7170,19:,-66
9540,7170,19:,-66
9541,0,0:,-78
9542,7170,19:,-66
9549,7170,19:,-66
9550,0,0:,-78
9551,7170,19:,-66
9559,7171,19:,-66
9560,0,0:,-78
9561,7171,19:,-66
9568,7171,19:,-66
9569,0,0:,-78
9570,7171,19:,-66
9577,7171,19:,-66
9578,0,0:,-78
9579,7171,19:,-66
9586,7171,19:,-66
9587,0,0:,-78
9588,7171,19:,-66
9595,7171,20:,-66
9596,0,1:,-78
9597,7171,20:,-66
9604,7171,20:,-66
9605,0,1:,-78
9606,7171,20:,-66
9613,7171,20:,-66
9614,0,1:,-78
9615,7171,20:,-66
9622,7171,20:,-66
9623,0,1:,-78
9624,7171,20:,-66
9631,7171,20:,-66
9632,0,0:,-77
9633,7171,20:,-66
9640,7171,20:,-66
9641,0,0:,-77
9642,7171,20:,-66
9649,7171,20:,-66
9650,0,0:,-77
9651,7171,20:,-66
9658,7171,20:,-66
9659,0,0:,-77
9660,7171,20:,-66
9667,7171,20:,-66
9668,0,0:,-77
9669,7171,20:,-66
9676,7171,20:,-66
9677,0,0:,-77
9678,7171,20:,-66
9685,7171,21:,-66
9686,0,0:,-77
9687,7171,21:,-66
9694,7171,21:,-66
9695,0,0:,-77
9696,7171,21:,-66
9703,7171,21:,-66
9704,0,0:,-77
9705,7171,21:,-66
9712,7171,21:,-66
9713,0,0:,-77
9714,7171,21:,-66
9721,7171,21:,-66
9722,0,1:,-77
9723,7171,21:,-66
9730,7171,21:,-66
9731,0,1:,-77
9732,7171,21:,-66
9739,7171,21:,-66
9740,0,1:,-77
9741,7171,21:,-66
9748,7171,21:,-66
9749,0,1:,-77
9750,7171,21:,-66
9757,7171,21:,-66
9758,0,1:,-77
9759,7171,21:,-66
9766,7171,21:,-66
9767,0,1:,-77
9768,7171,21:,-66
9775,7171,22:,-66
9776,0,1:,-77
9777,7171,22:,-66
9784,7171,22:,-66
9785,0,1:,-77
9786,7171,22:,-66
9793,7171,22:,-66
9794,0,1:,-77
9795,7171,22:,-66
9802,7171,22:,-66
9803,0,1:,-77
9804,7171,22:,-66
9811,7171,22:,-66
9812,0,0:,-78
9813,7171,22:,-66
9820,7171,22:,-66
9821,0,0:,-78
9822,7171,22:,-66
9829,7171,22:,-66
9830,0,0:,-78
9831,7171,22:,-66
9838,7171,22:,-66
9839,0,0:,-78
9840,7171,22:,-66
9847,7171,22:,-66
9848,0,0:,-78
9849,7171,22:,-66
9856,7171,22:,-66
9857,0,0:,-78
9858,7171,22:,-66
9865,7171,23:,-66
9866,0,0:,-78
9867,7171,23:,-66
9874,7171,23:,-66
9875,0,0:,-78
9876,7171,23:,-66
9883,7171,23:,-66
9884,0,0:,-78
9885,7171,23:,-66
9892,7171,23:,-66
9893,0,0:,-78
9894,7171,23:,-66
9901,7171,23:,-66
9902,0,1:,-78
9903,7171,23:,-66
9910,7171,23:,-66
9911,0,1:,-78
9912,7171,23:,-66
9919,7171,23:,-66
9920,0,1:,-78
9921,7171,23:,-66
9928,7171,23:,-66
9929,0,1:,-78
9930,7171,23:,-66
9937,7171,23:,-66
9938,0,1:,-78
9939,7171,23:,-66
9946,7171,23:,-66
9947,0,1:,-78
9948,7171,23:,-66
9955,7171,24:,-66
9956,0,1:,-78
9957,7171,24:,-66
9964,7171,24:,-66
9965,0,1:,-78
9966,7171,24:,-66
9973,7171,24:,-66
9974,0,1:,-78
9975,7171,24:,-66
9982,7171,24:,-66
9983,0,1:,-78
9984,7171,24:,-66
9991,7171,24:,-66
9992,0,1:,-78
9993,7171,24:,-66
10000,7171,24:,-66
10001,0,2:,-78
10002,7171,24:,-66
10009,7171,24:,-66
10010,0,2:,-78
10011,7171,24:,-66
10018,7171,24:,-66
10019,0,2:,-78
10020,7171,24:,-66
10027,7171,24:,-66
10028,0,2:,-78
10029,7171,24:,-66
10036,7171,24:,-66
10037,0,2:,-78
10038,7171,24:,-66
10045,7171,25:,-66
10046,0,2:,-78
10047,7171,25:,-66
10054,7171,25:,-66
10055,0,2:,-78
10056,7171,25:,-66
10063,7171,25:,-66
10064,0,2:,-78
10065,7171,25:,-66
10072,7171,25:,-66
10073,0,2:,-78
10074,7171,25:,-66
10081,7171,25:,-66
10082,0,2:,-78
10083,7171,25:,-66
10090,7171,25:,-66
10091,0,3:,-78
10092,7171,25:,-66
10099,7171,25:,-66
10100,0,3:,-78
10101,7171,25:,-66
10108,7171,25:,-66
10109,0,3:,-78
10110,7171,25:,-66
10117,7171,25:,-66
10118,0,3:,-78
10119,7171,25:,-66
10126,7171,25:,-66
10127,0,3:,-78
10128,7171,25:,-66
10135,7171,26:,-66
10136,0,3:,-78
10137,7171,26:,-66
10144,7171,26:,-66
10145,0,3:,-78
10146,7171,26:,-66
10153,7171,26:,-66
10154,0,3:,-78
10155,7171,26:,-66
10162,7171,26:,-66
10163,0,3:,-78
10164,7171,26:,-66
10171,7171,26:,-66
10172,0,3:,-78
10173,7171,26:,-66
10180,7171,26:,-66
10181,0,4:,-78
10182,7171,26:,-66
10189,7171,26:,-66
10190,0,4:,-78
10191,7171,26:,-66
10198,7171,26:,-66
10199,0,4:,-78
10200,7171,26:,-66
10207,7171,26:,-66
10208,0,4:,-78
10209,7171,26:,-66
10216,7171,26:,-66
10217,0,4:,-78
10218,7171,26:,-66
10225,7171,27:,-66
10226,0,4:,-78
10227,7171,27:,-66
10234,7171,27:,-66
10235,0,4:,-78
10236,7171,27:,-66
10243,7171,27:,-66
10244,0,4:,-78
10245,7171,27:,-66
10252,7171,27:,-66
10253,0,4:,-78
10254,7171,27:,-66
10261,7171,27:,-66
10262,0,4:,-78
10263,7171,27:,-66
10270,7171,27:,-66
10271,0,5:,-78
10272,7171,27:,-66
10279,7171,27:,-66
10280,0,5:,-78
10281,7171,27:,-66
10288,7171,27:,-66
10289,0,5:,-78
10290,7171,27:,-66
10297,7171,27:,-66
10298,0,5:,-78
10299,7171,27:,-66
10306,7171,27:,-66
10307,0,5:,-78
10308,7171,27:,-66
10315,7171,28:,-66
10316,0,5:,-78
10317,7171,28:,-66
10324,7171,28:,-66
10325,0,5:,-78
10326,7171,28:,-66
10333,7171,28:,-66
10334,0,5:,-78
10335,7171,28:,-66
10342,7171,28:,-66
10343,0,5:,-78
10344,7171,28:,-66
10351,7171,28:,-66
10352,0,5:,-78
10353,7171,28:,-66
10360,7171,28:,-66
10361,0,6:,-78
10362,7171,28:,-66
10369,7171,28:,-66
10370,0,6:,-78
10371,7171,28:,-66
10378,7171,28:,-66
10379,0,6:,-78
10380,7171,28:,-66
10387,7171,28:,-66
10388,0,6:,-78
10389,7171,28:,-66
10396,7171,28:,-66
10397,0,6:,-78
10398,7171,28:,-66
10405,7171,29:,-66
10406,0,6:,-78
10407,7171,29:,-66
10414,7171,29:,-66
10415,0,6:,-78
10416,7171,29:,-66
10423,7171,29:,-66
10424,0,6:,-78
10425,7171,29:,-66
10432,7171,29:,-66
10433,0,6:,-78
10434,7171,29:,-66
10441,7171,29:,-66
10442,0,6:,-78
10443,7171,29:,-66
10450,7171,29:,-66
10451,0,7:,-78
10452,7171,29:,-66
10459,7171,29:,-66
10460,0,7:,-78
10461,7171,29:,-66
10468,7171,29:,-66
10469,0,7:,-78
10470,7171,29:,-66
10477,7171,29:,-66
10478,0,7:,-78
10479,7171,29:,-66
10486,7171,29:,-66
10487,0,7:,-78
10488,7171,29:,-66
10495,7171,30:,-66
10496,0,7:,-78
10497,7171,30:,-66
10504,7171,30:,-66
10505,0,7:,-78
10506,7171,30:,-66
10513,7171,30:,-66
10514,0,7:,-78
10515,7171,30:,-66
10522,7171,30:,-66
10523,0,7:,-78
10524,7171,30:,-66
10531,7171,30:,-66
10532,0,7:,-78
10533,7171,30:,-66
10540,7171,30:,-66
10541,0,8:,-78
10542,7171,30:,-66
10549,7171,30:,-66
10550,0,8:,-78
10551,7171,30:,-66
10558,7171,30:,-66
10559,0,8:,-78
10560,7171,30:,-66
10567,7171,30:,-66
10568,0,8:,-78
10569,7171,30:,-66
10576,7171,30:,-66
10577,0,8:,-78
10578,7171,30:,-66
10585,7171,31:,-66
10586,0,8:,-78
10587,7171,31:,-66
10594,7171,31:,-66
10595,0,8:,-78
10596,7171,31:,-66
10603,7171,31:,-66
10604,0,8:,-78
10605,7171,31:,-66
10612,7171,31:,-66
10613,0,8:,-78
10614,7171,31:,-66
10621,7171,31:,-66
10622,0,8:,-78
10623,7171,31:,-66
10630,7171,31:,-66
10631,0,9:,-78
10632,7171,31:,-66
10639,7171,31:,-66
10640,0,9:,-78
10641,7171,31:,-66
10648,7171,31:,-66
10649,0,9:,-78
10650,7171,31:,-66
10657,7171,31:,-66
10658,0,9:,-78
10659,7171,31:,-66
10666,7171,31:,-66
10667,0,9:,-78
10668,7171,31:,-66
10675,7171,32:,-66
10676,0,9:,-78
10677,7171,32:,-66
10684,7171,32:,-66
10685,0,9:,-78
10686,7171,32:,-66
10693,7171,32:,-66
10694,0,9:,-78
10695,7171,32:,-66
10702,7171,32:,-66
10703,0,9:,-78
10704,7171,32:,-66
10711,7171,32:,-66
10712,0,9:,-78
10713,7171,32:,-66
10720,7171,32:,-66
10721,0,10:,-78
10722,7171,32:,-66
10729,7171,32:,-66
10730,0,10:,-78
10731,7171,32:,-66
10738,7171,32:,-66
10739,0,0:,-78
10740,7171,32:,-66
10747,7171,32:,-66
10748,0,0:,-78
10749,7171,32:,-66
10756,7171,32:,-66
10757,0,0:,-78
10758,7171,32:,-66
10765,7171,33:,-66
10766,0,0:,-78
10767,7171,33:,-66
10774,7171,33:,-66
10775,0,0:,-78
10776,7171,33:,-66
10783,7171,33:,-66
10784,0,0:,-78
10785,7171,33:,-66
10792,7171,33:,-66
10793,0,0:,-78
10794,7171,33:,-66
10801,7171,33:,-66
10802,0,0:,-78
10803,7171,33:,-66
10810,7171,33:,-66
10811,0,0:,-78
10812,7171,33:,-66
10819,7171,33:,-66
10820,0,0:,-78
10821,7171,33:,-66
10828,7171,33:,-66
10829,0,1:,-78
10830,7171,33:,-66
10837,7171,33:,-66
10838,0,1:,-78
10839,7171,33:,-66
10846,7171,33:,-66
10847,0,1:,-78
10848,7171,33:,-66
10855,7171,34:,-66
10856,0,1:,-78
10857,7171,34:,-66
10864,7171,34:,-66
10865,0,1:,-78
10866,7171,34:,-66
10873,7171,34:,-66
10874,0,1:,-78
10875,7171,34:,-66
10882,7171,34:,-66
10883,0,1:,-78
10884,7171,34:,-66
10891,7171,34:,-66
10892,0,1:,-78
10893,7171,34:,-66
10900,7171,34:,-66
10901,0,1:,-78
10902,7171,34:,-66
10909,7171,34:,-66
10910,0,1:,-78
10911,7171,34:,-66
10918,7171,34:,-66
10919,0,2:,-78
10920,7171,34:,-66
10927,7171,34:,-66
10928,0,2:,-78
10929,7171,34:,-66
10936,7171,34:,-66
10937,0,2:,-78
10938,7171,34:,-66
10945,7171,35:,-66
10946,0,2:,-78
10947,7171,35:,-66
10954,7171,35:,-66
10955,0,2:,-78
10956,7171,35:,-66
10963,7171,35:,-66
10964,0,2:,-78
10965,7171,35:,-66
10972,7171,35:,-66
10973,0,2:,-78
10974,7171,35:,-66
10981,7171,35:,-66
10982,0,2:,-78
10983,7171,35:,-66
10990,7171,35:,-66
10991,0,2:,-78
10992,7171,35:,-66
10999,7171,35:,-66
11000,0,2:,-78
11001,7171,35:,-66
11008,7171,35:,-66
11009,0,3:,-78
11010,7171,35:,-66
11017,7171,35:,-66
11018,0,3:,-78
11019,7171,35:,-66
11026,7171,35:,-66
11027,0,3:,-78
11028,7171,35:,-66
11035,7171,36:,-66
11036,0,3:,-78
11037,7171,36:,-66
11044,7171,36:,-66
11045,0,3:,-78
11046,7171,36:,-66
11053,7171,36:,-66
11054,0,3:,-78
11055,7171,36:,-66
11062,7171,36:,-66
11063,0,3:,-78
11064,7171,36:,-66
11071,7171,36:,-66
11072,0,3:,-78
11073,7171,36:,-66
11080,7171,36:,-66
11081,0,3:,-78
11082,7171,36:,-66
11089,7171,36:,-66
11090,0,3:,-78
11091,7171,36:,-66
11098,7171,36:,-66
11099,0,4:,-78
11100,7171,36:,-66
11107,7171,36:,-66
11108,0,4:,-78
11109,7171,36:,-66
11116,7171,36:,-66
11117,0,4:,-78
11118,7171,36:,-66
11125,7171,37:,-66
11126,0,4:,-78
11127,7171,37:,-66
11134,7171,37:,-66
11135,0,4:,-78
11136,7171,37:,-66
11143,7171,37:,-66
11144,0,4:,-78
11145,7171,37:,-66
11152,7171,37:,-66
11153,0,4:,-78
11154,7171,37:,-66
11161,7171,37:,-66
11162,0,4:,-78
11163,7171,37:,-66
11170,7171,37:,-66
11171,0,4:,-78
11172,7171,37:,-66
11179,7171,37:,-66
11180,0,4:,-78
11181,7171,37:,-66
11188,7171,37:,-66
11189,0,5:,-78
11190,7171,37:,-66
11197,7171,37:,-66
11198,0,5:,-78
11199,7171,37:,-66
11206,7171,37:,-66
11207,0,5:,-78
11208,7171,37:,-66
11215,7171,38:,-66
11216,0,5:,-78
11217,7171,38:,-66
11224,7171,38:,-66
11225,0,5:,-78
11226,7171,38:,-66
11233,7171,38:,-66
11234,0,5:,-78
11235,7171,38:,-66
11242,7171,38:,-66
11243,0,5:,-78
11244,7171,38:,-66
11251,7171,38:,-66
11252,0,5:,-78
11253,7171,38:,-66
11260,7171,38:,-66
11261,0,5:,-78
11262,7171,38:,-66
11269,7171,38:,-66
11270,0,5:,-78
11271,7171,38:,-66
11278,7171,38:,-66
11279,0,6:,-78
11280,7171,38:,-66
11287,7171,38:,-66
11288,0,6:,-78
11289,7171,38:,-66
11296,7171,38:,-66
11297,0,6:,-78
11298,7171,38:,-66
11305,7171,39:,-66
11306,0,6:,-78
11307,7171,39:,-66
11314,7171,39:,-66
11315,0,6:,-78
11316,7171,39:,-66
11323,7171,39:,-66
11324,0,6:,-78
11325,7171,39:,-66
11332,7171,39:,-66
11333,0,6:,-78
11334,7171,39:,-66
11341,7171,39:,-66
11342,0,6:,-78
11343,7171,39:,-66
11350,7171,39:,-66
11351,0,6:,-78
11352,7171,39:,-66
11359,7171,39:,-66
11360,0,6:,-78
11361,7171,39:,-66
11368,7171,39:,-66
11369,0,7:,-78
11370,7171,39:,-66
11377,7171,39:,-66
11378,0,7:,-78
11379,7171,39:,-66
11386,7171,39:,-66
11387,0,7:,-78
11388,7171,39:,-66
11395,7171,40:,-66
11396,0,7:,-78
11397,7171,40:,-66
11404,7171,40:,-66
11405,0,7:,-78
11406,7171,40:,-66
11413,7171,40:,-66
11414,0,7:,-78
11415,7171,40:,-66
11422,7171,40:,-66
11423,0,7:,-78
11424,7171,40:,-66
11431,7171,40:,-66
11432,0,7:,-78
11433,7171,40:,-66
11440,7171,40:,-66
11441,0,7:,-78
11442,7171,40:,-66
11449,7171,40:,-66
11450,0,7:,-78
11451,7171,40:,-66
11458,7171,40:,-66
11459,0,8:,-78
11460,7171,40:,-66
11467,7171,40:,-66
11468,0,8:,-78
11469,7171,40:,-66
11476,7171,40:,-66
11477,0,8:,-78
11478,7171,40:,-66
11485,7171,41:,-66
11486,0,8:,-78
11487,7171,41:,-66
11494,7171,41:,-66
11495,0,8:,-78
11496,7171,41:,-66
11503,7171,41:,-66
11504,0,8:,-78
11505,7171,41:,-66
11512,7171,41:,-66
11513,0,8:,-78
11514,7171,41:,-66
11521,7171,41:,-66
11522,0,8:,-78
11523,7171,41:,-66
11530,7171,41:,-66
11531,0,8:,-78
11532,7171,41:,-66
11539,7171,41:,-66
11540,0,8:,-78
11541,7171,41:,-66
11548,7171,41:,-66
11549,0,9:,-78
11550,7171,41:,-66
11557,7171,41:,-66
11558,0,9:,-78
11559,7171,41:,-66
11566,7171,41:,-66
11567,0,9:,-78
11568,7171,41:,-66
11575,7171,42:,-66
11576,0,9:,-78
11577,7171,42:,-66
11584,7171,42:,-66
11585,0,9:,-78
11586,7171,42:,-66
11593,7171,42:,-66
11594,0,9:,-78
11595,7171,42:,-66
11602,7171,42:,-66
11603,0,9:,-78
11604,7171,42:,-66
11611,7171,42:,-66
11612,0,9:,-78
11613,7171,42:,-66
11620,7171,42:,-66
11621,0,9:,-78
11622,7171,42:,-66
11629,7171,42:,-66
11630,0,9:,-78
11631,7171,42:,-66
11638,7171,42:,-66
11639,0,10:,-78
11640,7171,42:,-66
11647,7171,42:,-66
11648,0,10:,-78
11649,7171,42:,-66
11656,7171,42:,-66
11657,0,10:,-78
11658,7171,42:,-66
11665,7171,43:,-66
11666,0,10:,-78
11667,7171,43:,-66
11674,7171,43:,-66
11675,0,10:,-78
11676,7171,43:,-66
11683,7171,43:,-66
11684,0,10:,-78
11685,7171,43:,-66
11692,7171,43:,-66
11693,0,10:,-78
11694,7171,43:,-66
11701,7171,43:,-66
11702,0,10:,-78
11703,7171,43:,-66
11710,7171,43:,-66
11711,0,10:,-78
11712,7171,43:,-66
11719,7171,43:,-66
11720,0,10:,-78
11721,7171,43:,-66
11728,7171,43:,-66
11729,0,11:,-78
11730,7171,43:,-66
11737,7171,43:,-66
11738,0,11:,-78
11739,7171,43:,-66
11746,7171,43:,-66
11747,0,11:,-78
11748,7171,43:,-66
11755,7171,44:,-66
11756,0,11:,-78
11757,7171,44:,-66
11764,7171,44:,-66
11765,0,0:,-78
11766,7171,44:,-66
11773,7171,44:,-66
11774,0,0:,-78
11775,7171,44:,-66
11782,7171,44:,-66
11783,0,0:,-78
11784,7171,44:,-66
11791,7171,44:,-66
11792,0,0:,-78
11793,7171,44:,-66
11800,7171,44:,-66
11801,0,0:,-78
11802,7171,44:,-66
11809,7171,44:,-66
11810,0,0:,-78
11811,7171,44:,-66
11818,7171,44:,-66
11819,0,0:,-78
11820,7171,44:,-66
11827,7171,44:,-66
11828,0,0:,-78
11829,7171,44:,-66
11836,7171,44:,-66
11837,0,0:,-78
11838,7171,44:,-66
11845,7171,45:,-66
11846,0,0:,-78
11847,7171,45:,-66
11854,7171,45:,-66
11855,0,1:,-78
11856,7171,45:,-66
11863,7171,45:,-66
11864,0,1:,-78
11865,7171,45:,-66
11872,7171,45:,-66
11873,0,1:,-78
11874,7171,45:,-66
11881,7171,45:,-66
11882,0,1:,-78
11883,7171,45:,-66
11890,7171,45:,-66
11891,0,1:,-78
11892,7171,45:,-66
11899,7171,45:,-66
11900,0,1:,-78
11901,7171,45:,-66
11908,7171,45:,-66
11909,0,1:,-78
11910,7171,45:,-66
11917,7171,45:,-66
11918,0,1:,-78
11919,7171,45:,-66
11926,7171,45:,-66
11927,0,1:,-78
11928,7171,45:,-66
11935,7171,46:,-66
11936,0,1:,-78
11937,7171,46:,-66
11944,7171,46:,-66
11945,0,2:,-78
11946,7171,46:,-66
11953,7171,46:,-66
11954,0,2:,-78
11955,7171,46:,-66
11962,7171,46:,-66
11963,0,2:,-78
11964,7171,46:,-66
11971,7171,46:,-66
11972,0,2:,-78
11973,7171,46:,-66
11980,7171,46:,-66
11981,0,2:,-78
11982,7171,46:,-66
11989,7171,46:,-66
11990,0,2:,-78
11991,7171,46:,-66
11998,7171,46:,-66
11999,0,2:,-78
12000,7171,46:,-66
12007,7171,46:,-66
12008,0,2:,-78
12009,7171,46:,-66
12016,7171,46:,-66
12017,0,2:,-78
12018,7171,46:,-66
12025,7171,47:,-66
12026,0,2:,-78
12027,7171,47:,-66
12034,7171,47:,-66
12035,0,3:,-78
12036,7171,47:,-66
12043,7171,47:,-66
12044,0,3:,-78
12045,7171,47:,-66
12052,7171,47:,-66
12053,0,3:,-78
12054,7171,47:,-66
12061,7171,47:,-66
12062,0,3:,-78
12063,7171,47:,-66
12070,7171,47:,-66
12071,0,3:,-78
12072,7171,47:,-66
12079,7171,47:,-66
12080,0,3:,-78
12081,7171,47:,-66
12088,7171,47:,-66
12089,0,3:,-78
12090,7171,47:,-66
12097,7171,47:,-66
12098,0,3:,-78
12099,7171,47:,-66
12106,7171,47:,-66
12107,0,3:,-78
12108,7171,47:,-66
12115,7171,48:,-66
12116,0,3:,-78
12117,7171,48:,-66
12124,7171,48:,-66
12125,0,4:,-78
12126,7171,48:,-66
12133,7171,48:,-66
12134,0,4:,-78
12135,7171,48:,-66
12142,7171,48:,-66
12143,0,4:,-78
12144,7171,48:,-66
12151,7171,48:,-66
12152,0,4:,-78
12153,7171,48:,-66
12160,7171,48:,-66
12161,0,4:,-78
12162,7171,48:,-66
12169,7171,48:,-66
12170,0,4:,-78
12171,7171,48:,-66
12178,7171,48:,-66
12179,0,4:,-78
12180,7171,48:,-66
12187,7171,48:,-66
12188,0,4:,-78
12189,7171,48:,-66
12196,7171,48:,-66
12197,0,4:,-78
12198,7171,48:,-66
12205,7171,49:,-66
12206,0,4:,-78
12207,7171,49:,-66
12214,7171,49:,-66
12215,0,5:,-78
12216,7171,49:,-66
12223,7171,49:,-66
12224,0,5:,-78
12225,7171,49:,-66
12232,7171,49:,-66
12233,0,5:,-78
12234,7171,49:,-66
12241,7171,49:,-66
12242,0,5:,-78
12243,7171,49:,-66
12250,7171,49:,-66
12251,0,5:,-78
12252,7171,49:,-66
12259,7171,49:,-66
12260,0,5:,-78
12261,7171,49:,-66
12268,7171,49:,-66
12269,0,5:,-78
12270,7171,49:,-66
12277,7171,49:,-66
12278,0,5:,-78
12279,7171,49:,-66
12286,7171,49:,-66
12287,0,5:,-78
12288,7171,49:,-66
12295,7171,50:,-66
12296,0,5:,-78
12297,7171,50:,-66
12304,7171,50:,-66
12305,0,6:,-78
12306,7171,50:,-66
12313,7171,50:,-66
12314,0,6:,-78
12315,7171,50:,-66
12322,7171,50:,-66
12323,0,6:,-78
12324,7171,50:,-66
12331,7171,50:,-66
12332,0,6:,-78
12333,7171,50:,-66
12340,7171,50:,-66
12341,0,6:,-78
12342,7171,50:,-66
12349,7171,50:,-66
12350,0,6:,-78
12351,7171,50:,-66
12358,7171,50:,-66
12359,0,6:,-78
12360,7171,50:,-66
12367,7171,50:,-66
12368,0,6:,-78
12369,7171,50:,-66
12376,7171,50:,-66
12377,0,6:,-78
12378,7171,50:,-66
12385,7171,51:,-66
12386,0,6:,-78
12387,7171,51:,-66
12394,7171,51:,-66
12395,0,7:,-78
12396,7171,51:,-66
12403,7171,51:,-66
12404,0,7:,-78
12405,7171,51:,-66
12412,7171,51:,-66
12413,0,7:,-78
12414,7171,51:,-66
12421,7171,51:,-66
12422,0,7:,-78
12423,7171,51:,-66
12430,7171,51:,-66
12431,0,7:,-78
12432,7171,51:,-66
12439,7171,51:,-66
12440,0,7:,-78
12441,7171,51:,-66
12448,7171,51:,-66
12449,0,7:,-78
12450,7171,51:,-66
12457,7171,51:,-66
12458,0,7:,-78
12459,7171,51:,-66
12466,7171,51:,-66
12467,0,7:,-78
12468,7171,51:,-66
12475,7171,52:,-66
12476,0,7:,-78
12477,7171,52:,-66
12484,7171,52:,-66
12485,0,8:,-78
12486,7171,52:,-66
12493,7171,52:,-66
12494,0,8:,-78
12495,7171,52:,-66
12502,7171,52:,-66
12503,0,8:,-78
12504,7171,52:,-66
12511,7171,52:,-66
12512,0,8:,-78
12513,7171,52:,-66
12520,7171,52:,-66
12521,0,8:,-78
12522,7171,52:,-66
12529,7171,52:,-66
12530,0,8:,-78
12531,7171,52:,-66
12538,7171,52:,-66
12539,0,8:,-78
12540,7171,52:,-66
12547,7171,52:,-66
12548,0,8:,-78
12549,7171,52:,-66
12556,7171,52:,-66
12557,0,8:,-78
12558,7171,52:,-66
12565,7171,53:,-66
12566,0,8:,-78
12567,7171,53:,-66
12574,7171,53:,-66
12575,0,9:,-78
12576,7171,53:,-66
12583,7171,53:,-66
12584,0,9:,-78
12585,7171,53:,-66
12592,7171,53:,-66
12593,0,9:,-78
12594,7171,53:,-66
12601,7171,53:,-66
12602,0,9:,-78
12603,7171,53:,-66
12610,7171,53:,-66
12611,0,9:,-78
12612,7171,53:,-66
12619,7171,53:,-66
12620,0,9:,-78
12621,7171,53:,-66
12628,7171,53:,-66
12629,0,9:,-78
12630,7171,53:,-66
12637,7171,53:,-66
12638,0,9:,-78
12639,7171,53:,-66
12646,7171,53:,-66
12647,0,9:,-78
12648,7171,53:,-66
12655,7171,54:,-66
12656,0,9:,-78
12657,7171,54:,-66
12664,7171,54:,-66
12665,0,10:,-78
12666,7171,54:,-66
12673,7171,54:,-66
12674,0,10:,-78
12675,7171,54:,-66
12682,7171,54:,-66
12683,0,10:,-78
12684,7171,54:,-66
12691,7171,54:,-66
12692,0,10:,-78
12693,7171,54:,-66
12700,7171,54:,-66
12701,0,10:,-78
12702,7171,54:,-66
12709,7171,54:,-66
12710,0,10:,-78
12711,7171,54:,-66
12718,7171,54:,-66
12719,0,10:,-78
12720,7171,54:,-66
12727,7171,54:,-66
12728,0,10:,-78
12729,7171,54:,-66
12736,7171,54:,-66
12737,0,10:,-78
12738,7171,54:,-66
12745,7171,55:,-66
12746,0,10:,-78
12747,7171,55:,-66
12754,7171,55:,-66
12755,0,11:,-78
12756,7171,55:,-66
12763,7171,55:,-66
12764,0,11:,-78
12765,7171,55:,-66
12772,7171,55:,-66
12773,0,11:,-78
12774,7171,55:,-66
12781,7171,55:,-66
12782,0,11:,-78
12783,7171,55:,-66
12790,7171,55:,-66
12791,0,11:,-78
12792,7171,55:,-66
12799,7171,55:,-66
12800,0,11:,-78
12801,7171,55:,-66
12808,7171,55:,-66
12809,0,11:,-78
12810,7171,55:,-66
12817,7171,55:,-66
12818,0,11:,-78
12819,7171,55:,-66
12826,7171,55:,-66
12827,0,11:,-78
12828,7171,55:,-66
12835,7171,56:,-66
12836,0,11:,-78
12837,7171,56:,-66
12844,7171,56:,-66
12845,0,12:,-78
12846,7171,56:,-66
12853,7171,56:,-66
12854,0,12:,-78
12855,7171,56:,-66
12862,7171,56:,-66
12863,0,12:,-78
12864,7171,56:,-66
12871,7171,56:,-66
12872,0,12:,-78
12873,7171,56:,-66
12880,7171,56:,-66
12881,0,12:,-78
12882,7171,56:,-66
12889,7171,56:,-66
12890,0,12:,-78
12891,7171,56:,-66
12898,7171,56:,-66
12899,0,12:,-78
12900,7171,56:,-66
12907,7171,56:,-66
12908,0,12:,-78
12909,7171,56:,-66
12916,7171,56:,-66
12917,0,12:,-78
12918,7171,56:,-66
12925,7171,57:,-66
12926,0,12:,-78
12927,7171,57:,-66
12934,7171,57:,-66
12935,0,13:,-78
12936,7171,57:,-66
12943,7171,57:,-66
12944,0,13:,-78
12945,7171,57:,-66
12952,7171,57:,-66
12953,0,13:,-78
12954,7171,57:,-66
12961,7171,57:,-66
12962,0,13:,-78
12963,7171,57:,-66
12970,7171,57:,-66
12971,0,13:,-78
12972,7171,57:,-66
12979,7171,57:,-66
12980,0,13:,-78
12981,7171,57:,-66
12988,7171,57:,-66
12989,0,13:,-78
12990,7171,57:,-66
12997,7171,57:,-66
12998,0,13:,-78
12999,7171,57:,-66
13006,7171,57:,-66
13007,0,13:,-78
13008,7171,57:,-66
13015,7171,58:,-66
13016,0,13:,-78
13017,7171,58:,-66
13024,7171,58:,-66
13025,0,14:,-78
13026,7171,58:,-66
13033,7171,58:,-66
13034,0,14:,-78
13035,7171,58:,-66
13042,7171,58:,-66
13043,0,14:,-78
13044,7171,58:,-66
13051,7171,58:,-66
13052,0,14:,-78
13053,7171,58:,-66
13060,7171,58:,-66
13061,0,14:,-78
13062,7171,58:,-66
13069,7171,58:,-66
13070,0,14:,-78
13071,7171,58:,-66
13078,7171,58:,-66
13079,0,14:,-78
13080,7171,58:,-66
13087,7171,58:,-66
13088,0,14:,-78
13089,7171,58:,-66
13096,7171,58:,-66
13097,0,14:,-78
13098,7171,58:,-66
13105,7171,59:,-66
13106,0,14:,-78
13107,7171,59:,-66
13114,7171,59:,-66
13115,0,15:,-78
13116,7171,59:,-66
13123,7171,59:,-66
13124,0,15:,-78
13125,7171,59:,-66
13132,7171,59:,-66
13133,0,15:,-78
13134,7171,59:,-66
13141,7171,59:,-66
13142,0,15:,-78
13143,7171,59:,-66
13150,7171,59:,-66
13151,0,15:,-78
13152,7171,59:,-66
13159,7171,59:,-66
13160,0,15:,-78
13161,7171,59:,-66
13168,7171,59:,-66
13169,0,15:,-78
13170,7171,59:,-66
13177,7171,59:,-66
13178,0,15:,-78
13179,7171,59:,-66
13186,7171,59:,-66
13187,0,15:,-78
13188,7171,59:,-66
13195,7171,60:,-66
13196,0,15:,-78
13197,7171,60:,-66
13204,7171,60:,-66
13205,0,16:,-78
13206,7171,60:,-66
13213,7171,60:,-66
13214,0,16:,-78
13215,7171,60:,-66
13222,7171,60:,-66
13223,0,16:,-78
13224,7171,60:,-66
13231,7171,60:,-66
13232,0,16:,-78
13233,7171,60:,-66
13240,7171,60:,-66
13241,0,16:,-78
13242,7171,60:,-66
13249,7171,60:,-66
13250,0,16:,-78
13251,7171,60:,-66
13258,7171,60:,-66
13259,0,16:,-78
13260,7171,60:,-66
13267,7171,60:,-66
13268,0,16:,-78
13269,7171,60:,-66
13276,7171,60:,-66
13277,0,16:,-78
13278,7171,60:,-66
13285,7171,61:,-66
13286,0,16:,-78
13287,7171,61:,-66
13294,7171,61:,-66
13295,0,17:,-78
13296,7171,61:,-66
13303,7171,61:,-66
13304,0,17:,-78
13305,7171,61:,-66
13312,7171,61:,-66
13313,0,17:,-78
13314,7171,61:,-66
13321,7171,61:,-66
13322,0,17:,-78
13323,7171,61:,-66
13330,7171,61:,-66
13331,0,17:,-78
13332,7171,61:,-66
13339,7171,61:,-66
13340,0,17:,-78
13341,7171,61:,-66
13348,7171,61:,-66
13349,0,17:,-78
13350,7171,61:,-66
13357,7171,61:,-66
13358,0,17:,-78
13359,7171,61:,-66
13366,7171,61:,-66
13367,0,17:,-78
13368,7171,61:,-66
13375,7171,62:,-66
13376,0,17:,-78
13377,7171,62:,-66
13384,7171,62:,-66
13385,0,18:,-78
13386,7171,62:,-66
13393,7171,62:,-66
13394,0,18:,-78
13395,7171,62:,-66
13402,7171,62:,-66
13403,0,18:,-78
13404,7171,62:,-66
13411,7171,62:,-66
13412,0,18:,-78
13413,7171,62:,-66
13420,7171,62:,-66
13421,0,18:,-78
13422,7171,62:,-66
13429,7171,62:,-66
13430,0,18:,-78
13431,7171,62:,-66
13438,7171,62:,-66
13439,0,18:,-78
13440,7171,62:,-66
13447,7171,62:,-66
13448,0,18:,-78
13449,7171,62:,-66
13456,7171,62:,-66
13457,0,18:,-78
13458,7171,62:,-66
13465,7171,63:,-66
13466,0,18:,-78
13467,7171,63:,-66
13474,7171,63:,-66
13475,0,19:,-78
13476,7171,63:,-66
13483,7171,63:,-66
13484,0,19:,-78
13485,7171,63:,-66
13492,7171,63:,-66
13493,0,19:,-78
13494,7171,63:,-66
13501,7171,63:,-66
13502,0,19:,-78
13503,7171,63:,-66
13510,7171,63:,-66
13511,0,19:,-78
13512,7171,63:,-66
13519,7171,63:,-66
13520,0,19:,-78
13521,7171,63:,-66
13528,7171,63:,-66
13529,0,19:,-78
13530,7171,63:,-66
13537,7171,63:,-66
13538,0,19:,-78
13539,7171,63:,-66
13546,7171,63:,-66
13547,0,19:,-78
13548,7171,63:,-66
13555,7171,64:,-66
13556,0,19:,-78
13557,7171,64:,-66
13564,7171,64:,-66
13565,0,20:,-78
13566,7171,64:,-66
13573,7171,64:,-66
13574,0,20:,-78
13575,7171,64:,-66
13582,7171,64:,-66
13583,0,20:,-78
13584,7171,64:,-66
13591,7171,64:,-66
13592,0,20:,-78
13593,7171,64:,-66
13600,7171,64:,-66
13601,0,20:,-78
13602,7171,64:,-66
13609,7171,64:,-66
13610,0,20:,-78
13611,7171,64:,-66
13618,7171,64:,-66
13619,0,20:,-78
13620,7171,64:,-66
13627,7171,64:,-66
13628,0,20:,-78
13629,7171,64:,-66
13636,7171,64:,-66
13637,0,20:,-78
13638,7171,64:,-66
13645,7171,65:,-66
13646,0,20:,-78
13647,7171,65:,-66
13654,7171,65:,-66
13655,0,21:,-78
13656,7171,65:,-66
13663,7171,65:,-66
13664,0,21:,-78
13665,7171,65:,-66
13672,7171,65:,-66
13673,0,21:,-78
13674,7171,65:,-66
13681,7171,65:,-66
13682,0,21:,-78
13683,7171,65:,-66
13690,7171,65:,-66
13691,0,21:,-78
13692,7171,65:,-66
13699,7171,65:,-66
13700,0,21:,-78
13701,7171,65:,-66
13708,7171,65:,-66
13709,0,21:,-78
13710,7171,65:,-66
13717,7171,65:,-66
13718,0,21:,-78
13719,7171,65:,-66
13726,7171,65:,-66
13727,0,21:,-78
13728,7171,65:,-66
13735,7171,66:,-66
13736,0,21:,-78
13737,7171,66:,-66
13744,7171,66:,-66
13745,0,22:,-78
13746,7171,66:,-66
13753,7171,66:,-66
13754,0,22:,-78
13755,7171,66:,-66
13762,7171,66:,-66
13763,0,22:,-78
13764,7171,66:,-66
13771,7171,66:,-66
13772,0,22:,-78
13773,7171,66:,-66
13780,7171,66:,-66
13781,0,22:,-78
13782,7171,66:,-66
13789,7171,66:,-66
13790,0,22:,-78
13791,7171,66:,-66
13798,7171,66:,-66
13799,0,22:,-78
13800,7171,66:,-66
13807,7171,66:,-66
13808,0,22:,-78
13809,7171,66:,-66
13816,7171,66:,-66
13817,0,22:,-78
13818,7171,66:,-66
13825,7171,67:,-66
13826,0,22:,-78
13827,7171,67:,-66
13834,7171,67:,-66
13835,0,23:,-78
13836,7171,67:,-66
13843,7171,67:,-66
13844,0,23:,-78
13845,7171,67:,-66
13852,7171,67:,-66
13853,0,23:,-78
13854,7171,67:,-66
13861,7171,67:,-66
13862,0,23:,-78
13863,7171,67:,-66
13870,7171,67:,-66
13871,0,23:,-78
13872,7171,67:,-66
13879,7171,67:,-66
13880,0,23:,-78
13881,7171,67:,-66
13888,7171,67:,-66
13889,0,23:,-78
13890,7171,67:,-66
13897,7171,67:,-66
13898,0,23:,-78
13899,7171,67:,-66
13906,7171,67:,-66
13907,0,23:,-78
13908,7171,67:,-66
13915,7171,68:,-66
13916,0,23:,-78
13917,7171,68:,-66
13924,7171,68:,-66
13925,0,24:,-78
13926,7171,68:,-66
13933,7171,68:,-66
13934,0,24:,-78
13935,7171,68:,-66
13942,7171,68:,-66
13943,0,24:,-78
13944,7171,68:,-66
13951,7171,68:,-66
13952,0,24:,-78
13953,7171,68:,-66
13960,7171,68:,-66
13961,0,24:,-78
13962,7171,68:,-66
13969,7171,68:,-66
13970,0,24:,-78
13971,7171,68:,-66
13978,7171,68:,-66
13979,0,24:,-78
13980,7171,68:,-66
13987,7171,68:,-66
13988,0,24:,-78
13989,7171,68:,-66
13996,7171,68:,-66
13997,0,24:,-78
13998,7171,68:,-66
14005,7171,69:,-66
14006,0,24:,-78
14007,7171,69:,-66
14014,7171,69:,-66
14015,0,25:,-78
14016,7171,69:,-66
14023,7171,69:,-66
14024,0,25:,-78
14025,7171,69:,-66
14032,7171,69:,-66
14033,0,25:,-78
14034,7171,69:,-66
14041,7171,69:,-66
14042,0,25:,-78
14043,7171,69:,-66
14050,7171,69:,-66
14051,0,25:,-78
14052,7171,69:,-66
14059,7171,69:,-66
14060,0,25:,-78
14061,7171,69:,-66
14068,7171,69:,-66
14069,0,25:,-78
14070,7171,69:,-66
14077,7171,69:,-66
14078,0,25:,-78
14079,7171,69:,-66
14086,7171,69:,-66
14087,0,25:,-78
14088,7171,69:,-66
14095,7171,70:,-66
14096,0,25:,-78
14097,7171,70:,-66
14104,7171,70:,-66
14105,0,26:,-78
14106,7171,70:,-66
14113,7171,70:,-66
14114,0,26:,-78
14115,7171,70:,-66
14122,7171,70:,-66
14123,0,26:,-78
14124,7171,70:,-66
14131,7171,70:,-66
14132,0,26:,-78
14133,7171,70:,-66
14140,7171,70:,-66
14141,0,26:,-78
14142,7171,70:,-66
14149,7171,70:,-66
14150,0,26:,-78
14151,7171,70:,-66
14158,7171,70:,-66
14159,0,26:,-78
14160,7171,70:,-66
14167,7171,70:,-66
14168,0,26:,-78
14169,7171,70:,-66
14176,7171,70:,-66
14177,0,26:,-78
14178,7171,70:,-66
14185,7171,71:,-66
14186,0,26:,-78
14187,7171,71:,-66
14194,7171,71:,-66
14195,0,27:,-78
14196,7171,71:,-66
14203,7171,71:,-66
14204,0,27:,-78
14205,7171,71:,-66
14212,7171,71:,-66
14213,0,27:,-78
14214,7171,71:,-66
14221,7171,71:,-66
14222,0,27:,-78
14223,7171,71:,-66
14230,7171,71:,-66
14231,0,27:,-78
14232,7171,71:,-66
14239,7171,71:,-66
14240,0,27:,-78
14241,7171,71:,-66
14248,7171,71:,-66
14249,0,27:,-78
14250,7171,71:,-66
14257,7171,71:,-66
14258,0,27:,-78
14259,7171,71:,-66
14266,7171,71:,-66
14267,0,27:,-78
14268,7171,71:,-66
14275,7171,72:,-66
14276,0,27:,-78
14277,7171,72:,-66
14284,7171,72:,-66
14285,0,28:,-78
14286,7171,72:,-66
14293,7171,72:,-66
14294,0,28:,-78
14295,7171,72:,-66
14302,7171,72:,-66
14303,0,28:,-78
14304,7171,72:,-66
14311,7171,72:,-66
14312,0,28:,-78
14313,7171,72:,-66
14320,7171,72:,-66
14321,0,28:,-78
14322,7171,72:,-66
14329,7171,72:,-66
14330,0,28:,-78
14331,7171,72:,-66
14338,7171,72:,-66
14339,0,28:,-78
14340,7171,72:,-66
14347,7171,72:,-66
14348,0,28:,-78
14349,7171,72:,-66
14356,7171,72:,-66
14357,0,28:,-78
14358,7171,72:,-66
14365,7171,73:,-66
14366,0,28:,-78
14367,7171,73:,-66
14374,7171,73:,-66
14375,0,29:,-78
14376,7171,73:,-66
14383,7171,73:,-66
14384,0,29:,-78
14385,7171,73:,-66
14392,7171,73:,-66
14393,0,29:,-78
14394,7171,73:,-66
14401,7171,73:,-66
14402,0,29:,-78
14403,7171,73:,-66
14410,7171,73:,-66
14411,0,29:,-78
14412,7171,73:,-66
14419,7171,73:,-66
14420,0,29:,-78
14421,7171,73:,-66
14428,7171,73:,-66
14429,0,29:,-78
14430,7171,73:,-66
14437,7171,73:,-66
14438,0,29:,-78
14439,7171,73:,-66
14446,7171,73:,-66
14447,0,29:,-78
14448,7171,73:,-66
14455,7171,74:,-66
14456,0,29:,-78
14457,7171,74:,-66
14464,7171,74:,-66
14465,0,30:,-78
14466,7171,74:,-66
14473,7171,74:,-66
14474,0,30:,-78
14475,7171,74:,-66
14482,7171,74:,-66
14483,0,30:,-78
14484,7171,74:,-66
14491,7171,74:,-66
14492,0,30:,-78
14493,7171,74:,-66
14500,7171,74:,-66
14501,0,30:,-78
14502,7171,74:,-66
14509,7171,74:,-66
14510,0,30:,-78
14511,7171,74:,-66
14518,7171,74:,-66
14519,0,30:,-78
14520,7171,74:,-66
14527,7171,74:,-66
14528,0,30:,-78
14529,7171,74:,-66
14536,7171,74:,-66
14537,0,30:,-78
14538,7171,74:,-66
14545,7171,75:,-66
14546,0,0:,-77
14547,7171,75:,-66
14554,7171,75:,-66
14555,0,0:,-77
14556,7171,75:,-66
14563,7171,75:,-66
14564,0,0:,-77
14565,7171,75:,-66
14572,7171,75:,-66
14573,0,0:,-77
14574,7171,75:,-66
14581,7171,75:,-66
14582,0,0:,-77
14583,7171,75:,-66
14590,7171,75:,-66
14591,0,0:,-77
14592,7171,75:,-66
14599,7171,75:,-66
14600,0,0:,-77
14601,7171,75:,-66
14608,7171,75:,-66
14609,0,0:,-77
14610,7171,75:,-66
14617,7171,75:,-66
14618,0,0:,-77
14619,7171,75:,-66
14626,7171,75:,-66
14627,0,0:,-77
14628,7171,75:,-66
14635,7171,76:,-66
14636,0,1:,-77
14637,7171,76:,-66
14644,7171,76:,-66
14645,0,1:,-77
14646,7171,76:,-66
14653,7171,76:,-66
14654,0,1:,-77
14655,7171,76:,-66
14662,7171,76:,-66
14663,0,1:,-77
14664,7171,76:,-66
14671,7171,76:,-66
14672,0,1:,-77
14673,7171,76:,-66
14680,7171,76:,-66
14681,0,1:,-77
14682,7171,76:,-66
14689,7171,76:,-66
14690,0,1:,-77
14691,7171,76:,-66
14698,7171,76:,-66
14699,0,1:,-77
14700,7171,76:,-66
14707,7171,76:,-66
14708,0,1:,-77
14709,7171,76:,-66
14716,7171,76:,-66
14717,0,1:,-77
14718,7171,76:,-66
14725,7171,77:,-66
14726,0,2:,-77
14727,7171,77:,-66
14734,7171,77:,-66
14735,0,2:,-77
14736,7171,77:,-66
14743,7171,77:,-66
14744,0,2:,-77
14745,7171,77:,-66
14752,7171,77:,-66
14753,0,2:,-77
14754,7171,77:,-66
14761,7171,77:,-66
14762,0,2:,-77
14763,7171,77:,-66
14770,7171,77:,-66
14771,0,2:,-77
14772,7171,77:,-66
14779,7171,77:,-66
14780,0,2:,-77
14781,7171,77:,-66
14788,7171,77:,-66
14789,0,2:,-77
14790,7171,77:,-66
14797,7171,77:,-66
14798,0,2:,-77
14799,7171,77:,-66
14806,7171,77:,-66
14807,0,2:,-77
14808,7171,77:,-66
14815,7171,78:,-66
14816,0,3:,-77
14817,7171,78:,-66
14824,7171,78:,-66
14825,0,3:,-77
14826,7171,78:,-66
14833,7171,78:,-66
14834,0,3:,-77
14835,7171,78:,-66
14842,7171,78:,-66
14843,0,3:,-77
14844,7171,78:,-66
14851,7171,78:,-66
14852,0,3:,-77
14853,7171,78:,-66
14860,7171,78:,-66
14861,0,3:,-77
14862,7171,78:,-66
14869,7171,78:,-66
14870,0,3:,-77
14871,7171,78:,-66
14878,7171,78:,-66
14879,0,3:,-77
14880,7171,78:,-66
14887,7171,78:,-66
14888,0,3:,-77
14889,7171,78:,-66
14896,7171,78:,-66
14897,0,3:,-77
14898,7171,78:,-66
14905,7171,79:,-66
14906,0,4:,-77
14907,7171,79:,-66
14914,7171,79:,-66
14915,0,4:,-77
14916,7171,79:,-66
14923,7171,79:,-66
14924,0,4:,-77
14925,7171,79:,-66
14932,7171,79:,-66
14933,0,4:,-77
14934,7171,79:,-66
14941,7171,79:,-66
14942,0,4:,-77
14943,7171,79:,-66
14950,7171,79:,-66
14951,0,4:,-77
14952,7171,79:,-66
14959,7171,79:,-66
14960,0,4:,-77
14961,7171,79:,-66
14968,7171,79:,-66
14969,0,4:,-77
14970,7171,79:,-66
14977,7171,79:,-66
14978,0,4:,-77
14979,7171,79:,-66
14986,7171,79:,-66
14987,0,4:,-77
14988,7171,79:,-66
14995,7171,80:,-66
14996,0,5:,-77
14997,7171,80:,-66
15004,7171,80:,-66
15005,0,5:,-77
15006,7171,80:,-66
15013,7171,80:,-66
15014,0,5:,-77
15015,7171,80:,-66
15022,7171,80:,-66
15023,0,5:,-77
15024,7171,80:,-66
15031,7171,80:,-66
15032,0,5:,-77
15033,7171,80:,-66
15040,7171,80:,-66
15041,0,5:,-77
15042,7171,80:,-66
15049,7171,80:,-66
15050,0,5:,-77
15051,7171,80:,-66
15058,7171,80:,-66
15059,0,5:,-77
15060,7171,80:,-66
15067,7171,80:,-66
15068,0,5:,-77
15069,7171,80:,-66
15076,7171,80:,-66
15077,0,5:,-77
15078,7171,80:,-66
15085,7171,81:,-66
15086,0,6:,-77
15087,7171,81:,-66
15094,7171,81:,-66
15095,0,6:,-77
15096,7171,81:,-66
15103,7171,81:,-66
15104,0,6:,-77
15105,7171,81:,-66
15112,7171,81:,-66
15113,0,6:,-77
15114,7171,81:,-66
15121,7171,81:,-66
15122,0,6:,-77
15123,7171,81:,-66
15130,7171,81:,-66
15131,0,6:,-77
15132,7171,81:,-66
15139,7171,81:,-66
15140,0,6:,-77
15141,7171,81:,-66
15148,7171,81:,-66
15149,0,6:,-77
15150,7171,81:,-66
15157,7171,81:,-66
15158,0,6:,-77
15159,7171,81:,-66
15166,7171,81:,-66
15167,0,6:,-77
15168,7171,81:,-66
15175,7171,82:,-66
15176,0,7:,-77
15177,7171,82:,-66
15184,7171,82:,-66
15185,0,7:,-77
15186,7171,82:,-66
15193,7171,82:,-66
15194,0,7:,-77
15195,7171,82:,-66
15202,7171,82:,-66
15203,0,7:,-77
15204,7171,82:,-66
15211,7171,82:,-66
15212,0,7:,-77
15213,7171,82:,-66
15220,7171,82:,-66
15221,0,7:,-77
15222,7171,82:,-66
15229,7171,82:,-66
15230,0,7:,-77
15231,7171,82:,-66
15238,7171,82:,-66
15239,0,7:,-77
15240,7171,82:,-66
15247,7171,82:,-66
15248,0,7:,-77
15249,7171,82:,-66
15256,7171,82:,-66
15257,0,7:,-77
15258,7171,82:,-66
15265,7171,83:,-66
15266,0,8:,-77
15267,7171,83:,-66
15274,7171,83:,-66
15275,0,8:,-77
15276,7171,83:,-66
15283,7171,83:,-66
15284,0,8:,-77
15285,7171,83:,-66
15292,7171,83:,-66
15293,0,8:,-77
15294,7171,83:,-66
15301,7171,83:,-66
15302,0,8:,-77
15303,7171,83:,-66
15310,7171,83:,-66
15311,0,8:,-77
15312,7171,83:,-66
15319,7171,83:,-66
15320,0,8:,-77
15321,7171,83:,-66
15328,7171,83:,-66
15329,0,8:,-77
15330,7171,83:,-66
15337,7171,83:,-66
15338,0,8:,-77
15339,7171,83:,-66
15346,7171,83:,-66
15347,0,8:,-77
15348,7171,83:,-66
15355,7171,84:,-66
15356,0,9:,-77
15357,7171,84:,-66
15364,7171,84:,-66
15365,0,9:,-77
15366,7171,84:,-66
15373,7171,84:,-66
15374,0,9:,-77
15375,7171,84:,-66
15382,7171,84:,-66
15383,0,9:,-77
15384,7171,84:,-66
15391,7171,84:,-66
15392,0,9:,-77
15393,7171,84:,-66
15400,7171,84:,-66
15401,0,9:,-77
15402,7171,84:,-66
15409,7171,84:,-66
15410,0,9:,-77
15411,7171,84:,-66
15418,7171,84:,-66
15419,0,9:,-77
15420,7171,84:,-66
15427,7171,84:,-66
15428,0,9:,-77
15429,7171,84:,-66
15436,7171,84:,-66
15437,0,9:,-77
15438,7171,84:,-66
15445,7171,85:,-66
15446,0,10:,-77
15447,7171,85:,-66
15454,7171,85:,-66
15455,0,10:,-77
15456,7171,85:,-66
15463,7171,85:,-66
15464,0,10:,-77
15465,7171,85:,-66
15472,7171,85:,-66
15473,0,10:,-77
15474,7171,85:,-66
15481,7171,85:,-66
15482,0,10:,-77
15483,7171,85:,-66
15490,7171,85:,-66
15491,0,10:,-77
15492,7171,85:,-66
15499,7171,85:,-66
15500,0,10:,-77
15501,7171,85:,-66
15508,7171,85:,-66
15509,0,10:,-77
15510,7171,85:,-66
15517,7171,85:,-66
15518,0,10:,-77
15519,7171,85:,-66
15526,7171,85:,-66
15527,0,10:,-77
15528,7171,85:,-66
15535,7171,86:,-66
15536,0,11:,-77
15537,7171,86:,-66
15544,7171,86:,-66
15545,0,11:,-77
15546,7171,86:,-66
15553,7171,86:,-66
15554,0,11:,-77
15555,7171,86:,-66
15562,7171,86:,-66
15563,0,11:,-77
15564,7171,86:,-66
15571,7171,86:,-66
15572,0,11:,-77
15573,7171,86:,-66
15580,7171,86:,-66
15581,0,11:,-77
15582,7171,86:,-66
15589,7171,86:,-66
15590,0,11:,-77
15591,7171,86:,-66
15598,7171,86:,-66
15599,0,11:,-77
15600,7171,86:,-66
15607,7171,86:,-66
15608,0,11:,-77
15609,7171,86:,-66
15616,7171,86:,-66
15617,0,11:,-77
15618,7171,86:,-66
15625,7171,87:,-66
15626,0,12:,-77
15627,7171,87:,-66
15634,7171,87:,-66
15635,0,12:,-77
15636,7171,87:,-66
15643,7171,87:,-66
15644,0,12:,-77
15645,7171,87:,-66
15652,7171,87:,-66
15653,0,12:,-77
15654,7171,87:,-66
15661,7171,87:,-66
15662,0,12:,-77
15663,7171,87:,-66
15670,7171,87:,-66
15671,0,12:,-77
15672,7171,87:,-66
15679,7171,87:,-66
15680,0,12:,-77
15681,7171,87:,-66
15688,7171,87:,-66
15689,0,12:,-77
15690,7171,87:,-66
15697,7171,87:,-66
15698,0,12:,-77
15699,7171,87:,-66
15706,7171,87:,-66
15707,0,12:,-77
15708,7171,87:,-66
15715,7171,88:,-66
15716,0,13:,-77
15717,7171,88:,-66
15724,7171,88:,-66
15725,0,13:,-77
15726,7171,88:,-66
15733,7171,88:,-66
15734,0,13:,-77
15735,7171,88:,-66
15742,7171,88:,-66
15743,0,13:,-77
15744,7171,88:,-66
15751,7171,88:,-66
15752,0,13:,-77
15753,7171,88:,-66
15760,7171,88:,-66
15761,0,13:,-77
15762,7171,88:,-66
15769,7171,88:,-66
15770,0,13:,-77
15771,7171,88:,-66
15778,7171,88:,-66
15779,0,13:,-77
15780,7171,88:,-66
15787,7171,88:,-66
15788,0,13:,-77
15789,7171,88:,-66
15796,7171,88:,-66
15797,0,13:,-77
15798,7171,88:,-66
15805,7171,89:,-66
15806,0,14:,-77
15807,7171,89:,-66
15814,7171,89:,-66
15815,0,14:,-77
15816,7171,89:,-66
15823,7171,89:,-66
15824,0,14:,-77
15825,7171,89:,-66
15832,7171,89:,-66
15833,0,14:,-77
15834,7171,89:,-66
15841,7171,89:,-66
15842,0,14:,-77
15843,7171,89:,-66
15850,7171,89:,-66
15851,0,14:,-77
15852,7171,89:,-66
15859,7171,89:,-66
15860,0,14:,-77
15861,7171,89:,-66
15868,7171,89:,-66
15869,0,14:,-77
15870,7171,89:,-66
15877,7171,89:,-66
15878,0,14:,-77
15879,7171,89:,-66
15886,7171,89:,-66
15887,0,14:,-77
15888,7171,89:,-66
15895,7171,90:,-66
15896,0,15:,-77
15897,7171,90:,-66
15904,7171,90:,-66
15905,0,15:,-77
15906,7171,90:,-66
15913,7171,90:,-66
15914,0,15:,-77
15915,7171,90:,-66
15922,7171,90:,-66
15923,0,15:,-77
15924,7171,90:,-66
15931,7171,90:,-66
15932,0,15:,-77
15933,7171,90:,-66
15940,7171,90:,-66
15941,0,15:,-77
15942,7171,90:,-66
15949,7171,90:,-66
15950,0,15:,-77
15951,7171,90:,-66
15958,7171,90:,-66
15959,0,15:,-77
15960,7171,90:,-66
15967,7171,90:,-66
15968,0,15:,-77
15969,7171,90:,-66
15976,7171,90:,-66
15977,0,15:,-77
15978,7171,90:,-66
15985,7171,91:,-66
15986,0,16:,-77
15987,7171,91:,-66
15994,7171,91:,-66
15995,0,16:,-77
15996,7171,91:,-66
16003,7171,91:,-66
16004,0,16:,-77
16005,7171,91:,-66
16012,7171,91:,-66
16013,0,16:,-77
16014,7171,91:,-66
16021,7171,91:,-66
16022,0,16:,-77
16023,7171,91:,-66
16030,7171,91:,-66
16031,0,16:,-77
16032,7171,91:,-66
16039,7171,91:,-66
16040,0,16:,-77
16041,7171,91:,-66
16048,7171,91:,-66
16049,0,16:,-77
16050,7171,91:,-66
16057,7171,91:,-66
16058,0,16:,-77
16059,7171,91:,-66
16066,7171,91:,-66
16067,0,16:,-77
16068,7171,91:,-66
16075,7171,92:,-67
16076,0,17:,-77
16077,7171,92:,-67
16084,7171,92:,-67
16085,0,17:,-77
16086,7171,92:,-67
16093,7171,92:,-67
16094,0,17:,-77
16095,7171,92:,-67
16102,7171,92:,-67
16103,0,17:,-77
16104,7171,92:,-67
16112,0,17:,-77
16113,0,17:,-77
16114,0,17:,-77
16121,0,17:,-77
16122,0,17:,-77
16123,0,17:,-77
16130,0,17:,-77
16131,0,17:,-77
16132,0,17:,-77
16139,0,17:,-77
16140,0,17:,-77
16141,0,17:,-77
16148,0,17:,-77
16149,0,17:,-77
16150,0,17:,-77
16157,0,17:,-77
16158,0,17:,-77
16159,0,17:,-77
16166,0,18:,-77
16167,0,18:,-77
16168,0,18:,-77
16175,0,18:,-77
16176,0,18:,-77
16177,0,18:,-77
16184,0,18:,-77
16185,0,18:,-77
16186,0,18:,-77
16193,0,18:,-77
16194,0,18:,-77
16195,0,18:,-77
16202,0,0:,-79
16203,0,0:,-79
16204,0,0:,-79
16211,0,0:,-79
16212,0,0:,-79
16213,0,0:,-79
16220,0,0:,-79
16221,0,0:,-79
16222,0,0:,-79
16229,0,0:,-79
16230,0,0:,-79
16231,0,0:,-79
16238,0,0:,-79
16239,0,0:,-79
16240,0,0:,-79
16247,0,0:,-79
16248,0,0:,-79
16249,0,0:,-79
16256,0,0:,-79
16257,0,0:,-79
16258,0,0:,-79
16265,0,0:,-79
16266,0,0:,-79
16267,0,0:,-79
16274,0,0:,-79
16275,0,0:,-79
16276,0,0:,-79
16283,0,0:,-79
16284,0,0:,-79
16285,0,0:,-79
16292,0,1:,-79
16293,0,1:,-79
16294,0,1:,-79
16301,0,1:,-79
16302,0,1:,-79
16303,0,1:,-79
16310,0,1:,-79
16311,0,1:,-79
16312,0,1:,-79
16319,0,1:,-79
16320,0,1:,-79
16321,0,1:,-79
16328,0,1:,-79
16329,0,1:,-79
16330,0,1:,-79
16337,0,1:,-79
16338,0,1:,-79
16339,0,1:,-79
16346,0,1:,-79
16347,0,1:,-79
16348,0,1:,-79
16355,0,1:,-79
16356,0,1:,-79
16357,0,1:,-79
16364,0,0:,-77
16365,0,0:,-77
16366,0,0:,-77
16373,0,0:,-77
16374,0,0:,-77
16375,0,0:,-77
16382,0,0:,-77
16383,0,0:,-77
16384,0,0:,-77
16391,0,0:,-77
16392,0,0:,-77
16393,0,0:,-77
16400,0,0:,-77
16401,0,0:,-77
16402,0,0:,-77
16409,0,0:,-77
16410,0,0:,-77
16411,0,0:,-77
16418,0,0:,-77
16419,0,0:,-77
16420,0,0:,-77
16427,0,0:,-77
16428,0,0:,-77
16429,0,0:,-77
16436,0,0:,-77
16437,0,0:,-77
16438,0,0:,-77
16445,0,0:,-77
16446,0,0:,-77
16447,0,0:,-77
16454,0,1:,-77
16455,0,1:,-77
16456,0,1:,-77
16463,0,1:,-77
16464,0,1:,-77
16465,0,1:,-77
16472,0,1:,-77
16473,0,1:,-77
16474,0,1:,-77
16481,0,1:,-77
16482,0,1:,-77
16483,0,1:,-77
16490,0,1:,-77
16491,0,1:,-77
16492,0,1:,-77
16499,0,1:,-77
16500,0,1:,-77
16501,0,1:,-77
16508,0,1:,-77
16509,0,1:,-77
16510,0,1:,-77
16517,0,1:,-77
16518,0,1:,-77
16519,0,1:,-77
16526,0,1:,-77
16527,0,1:,-77
16528,0,1:,-77
16535,0,1:,-77
16536,0,1:,-77
16537,0,1:,-77
16544,0,2:,-77
16545,0,2:,-77
16546,0,2:,-77
16553,0,2:,-77
16554,0,2:,-77
16555,0,2:,-77
16562,0,2:,-77
16563,0,2:,-77
16564,0,2:,-77
16571,0,2:,-77
16572,0,2:,-77
16573,0,2:,-77
16580,0,2:,-77
16581,0,2:,-77
16582,0,2:,-77
16589,0,2:,-77
16590,0,2:,-77
16591,0,2:,-77
16598,0,2:,-77
16599,0,2:,-77
16600,0,2:,-77
16607,0,2:,-77
16608,0,2:,-77
16609,0,2:,-77
16616,0,2:,-77
16617,0,2:,-77
16618,0,2:,-77
16625,0,2:,-77
16626,0,2:,-77
16627,0,2:,-77
16634,0,3:,-77
16635,0,3:,-77
16636,0,3:,-77
16643,0,3:,-77
16644,0,3:,-77
16645,0,3:,-77
16652,0,3:,-77
16653,0,3:,-77
16654,0,3:,-77
16661,0,3:,-77
16662,0,3:,-77
16663,0,3:,-77
16670,0,3:,-77
16671,0,3:,-77
16672,0,3:,-77
16679,0,3:,-77
16680,0,3:,-77
16681,0,3:,-77
16688,0,3:,-77
16689,0,3:,-77
16690,0,3:,-77
16697,0,3:,-77
16698,0,3:,-77
16699,0,3:,-77
16706,0,3:,-77
16707,0,3:,-77
16708,0,3:,-77
16715,0,3:,-77
16716,0,3:,-77
16717,0,3:,-77
16724,0,4:,-77
16725,0,4:,-77
16726,0,4:,-77
16733,0,4:,-77
16734,0,4:,-77
16735,0,4:,-77
16742,0,4:,-77
16743,0,4:,-77
16744,0,4:,-77
16751,0,4:,-77
16752,0,4:,-77
16753,0,4:,-77
16760,0,4:,-77
16761,0,4:,-77
16762,0,4:,-77
16769,0,4:,-77
16770,0,4:,-77
16771,0,4:,-77
16778,0,4:,-77
16779,0,4:,-77
16780,0,4:,-77
16787,0,4:,-77
16788,0,4:,-77
16789,0,4:,-77
16796,0,4:,-77
16797,0,4:,-77
16798,0,4:,-77
16805,0,4:,-77
16806,0,4:,-77
16807,0,4:,-77
16814,0,5:,-77
16815,0,5:,-77
16816,0,5:,-77
16823,0,5:,-77
16824,0,5:,-77
16825,0,5:,-77
16832,0,5:,-77
16833,0,5:,-77
16834,0,5:,-77
16841,0,5:,-77
16842,0,5:,-77
16843,0,5:,-77
16850,0,5:,-77
16851,0,5:,-77
16852,0,5:,-77
16859,0,5:,-77
16860,0,5:,-77
16861,0,5:,-77
16868,0,5:,-77
16869,0,5:,-77
16870,0,5:,-77
16877,0,5:,-77
16878,0,5:,-77
16879,0,5:,-77
16886,0,5:,-77
16887,0,5:,-77
16888,0,5:,-77
16895,0,5:,-77
16896,0,5:,-77
16897,0,5:,-77
16904,0,6:,-77
16905,0,6:,-77
16906,0,6:,-77
16913,0,6:,-77
16914,0,6:,-77
16915,0,6:,-77
16922,0,6:,-77
16923,0,6:,-77
16924,0,6:,-77
16931,0,6:,-77
16932,0,6:,-77
16933,0,6:,-77
16940,0,6:,-77
16941,0,6:,-77
16942,0,6:,-77
16949,0,6:,-77
16950,0,6:,-77
16951,0,6:,-77
16958,0,6:,-77
16959,0,6:,-77
16960,0,6:,-77
16967,0,6:,-77
16968,0,6:,-77
16969,0,6:,-77
16976,0,6:,-77
16977,0,6:,-77
16978,0,6:,-77
16985,0,6:,-77
16986,0,6:,-77
16987,0,6:,-77
16994,0,7:,-77
16995,0,7:,-77
16996,0,7:,-77
17003,0,7:,-77
17004,0,7:,-77
17005,0,7:,-77
17012,0,7:,-77
17013,0,7:,-77
17014,0,7:,-77
17021,0,7:,-77
17022,0,7:,-77
17023,0,7:,-77
17030,0,7:,-77
17031,0,7:,-77
17032,0,7:,-77
17039,0,7:,-77
17040,0,7:,-77
17041,0,7:,-77
17048,0,7:,-77
17049,0,7:,-77
17050,0,7:,-77
17057,0,7:,-77
17058,0,7:,-77
17059,0,7:,-77
17066,0,7:,-77
17067,0,7:,-77
17068,0,7:,-77
17075,0,7:,-77
17076,0,7:,-77
17077,0,7:,-77
17084,0,8:,-77
17085,0,8:,-77
17086,0,8:,-77
17093,0,8:,-77
17094,0,8:,-77
17095,0,8:,-77
17102,0,8:,-77
17103,0,8:,-77
17104,0,8:,-77
17111,0,8:,-77
17112,0,8:,-77
17113,0,8:,-77
17120,0,8:,-77
17121,0,8:,-77
17122,0,8:,-77
