,a0c0,a0c1,a0c2,a1c0,a1c1,a1c2,a2c0,a2c1,a2c2,a3c0,a3c1,a3c2,dist_x,dist_y,time
0,-69.0,-72.0,-64.0,-63.0,-65.0,-67.0,-83.0,-75.0,-77.0,-80.0,-77.0,-86.0,10.0,3.1000000000000005,00:01:18:873
1,-80.0,-69.0,-78.0,-63.0,-61.0,-67.0,-82.0,-83.0,-76.0,-82.0,-85.0,-83.0,10.0,3.1000000000000005,00:01:19:088
2,-80.0,-73.0,-78.0,-62.0,-61.0,-58.0,-70.0,-75.0,-76.0,-82.0,-77.0,-83.0,10.0,3.1000000000000005,00:01:19:513
3,-80.0,-73.0,-78.0,-63.0,-61.0,-58.0,-70.0,-75.0,-77.0,-82.0,-87.0,-83.0,10.0,3.1000000000000005,00:01:19:935
4,-69.0,-70.0,-64.0,-65.0,-61.0,-68.0,-82.0,-83.0,-77.0,-80.0,-77.0,-86.0,10.0,3.1000000000000005,00:01:20:143
5,-80.0,-69.0,-64.0,-64.0,-61.0,-69.0,-82.0,-82.0,-70.0,-77.0,-85.0,-85.0,10.0,3.1000000000000005,00:01:20:979
6,-80.0,-69.0,-64.0,-62.0,-61.0,-68.0,-82.0,-75.0,-70.0,-77.0,-84.0,-85.0,10.0,3.1000000000000005,00:01:21:405
7,-89.0,-73.0,-78.0,-64.0,-65.0,-67.0,-81.0,-75.0,-76.0,-80.0,-77.0,-88.0,10.0,3.1000000000000005,00:01:21:616
8,-69.0,-73.0,-65.0,-65.0,-65.0,-67.0,-82.0,-74.0,-77.0,-81.0,-77.0,-87.0,10.0,3.1000000000000005,00:01:22:456
9,-80.0,-68.0,-78.0,-61.0,-61.0,-67.0,-82.0,-82.0,-76.0,-82.0,-76.0,-83.0,10.0,3.1000000000000005,00:01:22:670
10,-80.0,-73.0,-78.0,-62.0,-61.0,-58.0,-70.0,-75.0,-76.0,-82.0,-77.0,-83.0,10.0,3.1000000000000005,00:01:23:095
11,-80.0,-73.0,-78.0,-63.0,-61.0,-58.0,-70.0,-75.0,-77.0,-82.0,-86.0,-83.0,10.0,3.1000000000000005,00:01:23:513
12,-69.0,-69.0,-64.0,-64.0,-61.0,-68.0,-81.0,-83.0,-77.0,-81.0,-84.0,-89.0,10.0,3.1000000000000005,00:01:23:720
13,-80.0,-73.0,-78.0,-63.0,-65.0,-67.0,-70.0,-75.0,-77.0,-82.0,-86.0,-83.0,10.0,3.1000000000000005,00:01:23:922
14,-69.0,-67.0,-64.0,-64.0,-61.0,-68.0,-81.0,-82.0,-77.0,-83.0,-84.0,-86.0,10.0,3.1000000000000005,00:01:24:131
15,-80.0,-66.0,-65.0,-64.0,-61.0,-68.0,-82.0,-82.0,-70.0,-86.0,-85.0,-86.0,10.0,3.1000000000000005,00:01:24:542
16,-80.0,-69.0,-64.0,-64.0,-61.0,-68.0,-82.0,-75.0,-70.0,-77.0,-84.0,-85.0,10.0,3.1000000000000005,00:01:24:969
17,-69.0,-73.0,-77.0,-65.0,-65.0,-67.0,-81.0,-75.0,-76.0,-82.0,-86.0,-83.0,10.0,3.1000000000000005,00:01:25:176
18,-69.0,-73.0,-64.0,-63.0,-65.0,-67.0,-81.0,-74.0,-77.0,-80.0,-77.0,-87.0,10.0,3.1000000000000005,00:01:25:604
19,-68.0,-73.0,-65.0,-63.0,-65.0,-67.0,-82.0,-74.0,-77.0,-81.0,-77.0,-86.0,10.0,3.1000000000000005,00:01:26:024
20,-80.0,-69.0,-78.0,-63.0,-61.0,-67.0,-83.0,-83.0,-76.0,-77.0,-85.0,-84.0,10.0,3.1000000000000005,00:01:26:235
21,-76.0,-70.0,-67.0,-62.0,-61.0,-58.0,-70.0,-75.0,-76.0,-81.0,-77.0,-83.0,10.0,3.1000000000000005,00:01:26:658
22,-76.0,-73.0,-76.0,-58.0,-60.0,-58.0,-70.0,-75.0,-76.0,-82.0,-86.0,-83.0,10.0,3.1000000000000005,00:01:27:076
23,-76.0,-73.0,-76.0,-65.0,-61.0,-58.0,-70.0,-75.0,-77.0,-82.0,-86.0,-83.0,10.0,3.1000000000000005,00:01:27:486
24,-69.0,-69.0,-64.0,-65.0,-60.0,-68.0,-81.0,-83.0,-77.0,-80.0,-77.0,-86.0,10.0,3.1000000000000005,00:01:27:696
25,-76.0,-73.0,-75.0,-63.0,-66.0,-68.0,-70.0,-75.0,-77.0,-82.0,-86.0,-83.0,10.0,3.1000000000000005,00:01:27:898
26,-69.0,-67.0,-64.0,-66.0,-60.0,-68.0,-82.0,-82.0,-77.0,-83.0,-84.0,-87.0,10.0,3.1000000000000005,00:01:28:107
27,-75.0,-69.0,-64.0,-65.0,-61.0,-68.0,-82.0,-83.0,-70.0,-83.0,-84.0,-88.0,10.0,3.1000000000000005,00:01:28:521
28,-75.0,-69.0,-64.0,-65.0,-61.0,-69.0,-82.0,-75.0,-70.0,-77.0,-84.0,-87.0,10.0,3.1000000000000005,00:01:28:948
29,-69.0,-74.0,-75.0,-66.0,-66.0,-68.0,-82.0,-75.0,-76.0,-82.0,-86.0,-83.0,10.0,3.1000000000000005,00:01:29:150
30,-87.0,-73.0,-75.0,-65.0,-65.0,-68.0,-81.0,-75.0,-75.0,-80.0,-77.0,-87.0,10.0,3.1000000000000005,00:01:29:564
31,-69.0,-73.0,-64.0,-63.0,-65.0,-68.0,-81.0,-76.0,-77.0,-80.0,-77.0,-87.0,10.0,3.1000000000000005,00:01:29:989
32,-69.0,-74.0,-64.0,-63.0,-65.0,-68.0,-82.0,-75.0,-77.0,-80.0,-77.0,-87.0,10.0,3.1000000000000005,00:01:30:407
33,-75.0,-69.0,-75.0,-58.0,-60.0,-68.0,-82.0,-83.0,-75.0,-82.0,-83.0,-83.0,10.0,3.1000000000000005,00:01:30:617
34,-75.0,-74.0,-75.0,-65.0,-61.0,-60.0,-70.0,-75.0,-76.0,-82.0,-77.0,-83.0,10.0,3.1000000000000005,00:01:31:039
35,-75.0,-74.0,-76.0,-63.0,-60.0,-58.0,-70.0,-75.0,-77.0,-81.0,-86.0,-83.0,10.0,3.1000000000000005,00:01:31:458
36,-75.0,-74.0,-76.0,-63.0,-65.0,-68.0,-70.0,-75.0,-77.0,-82.0,-86.0,-83.0,10.0,3.1000000000000005,00:01:31:869
37,-69.0,-69.0,-64.0,-66.0,-60.0,-68.0,-81.0,-83.0,-77.0,-83.0,-84.0,-87.0,10.0,3.1000000000000005,00:01:32:078
38,-76.0,-69.0,-64.0,-65.0,-61.0,-68.0,-82.0,-83.0,-70.0,-82.0,-83.0,-87.0,10.0,3.1000000000000005,00:01:32:504
39,-76.0,-69.0,-64.0,-59.0,-61.0,-68.0,-82.0,-75.0,-70.0,-78.0,-84.0,-87.0,10.0,3.1000000000000005,00:01:32:934
40,-83.0,-75.0,-76.0,-58.0,-65.0,-68.0,-81.0,-75.0,-77.0,-81.0,-79.0,-88.0,10.0,3.1000000000000005,00:01:33:148
41,-69.0,-75.0,-64.0,-63.0,-65.0,-68.0,-81.0,-75.0,-77.0,-81.0,-77.0,-87.0,10.0,3.1000000000000005,00:01:33:563
42,-69.0,-75.0,-64.0,-65.0,-65.0,-68.0,-82.0,-75.0,-77.0,-81.0,-78.0,-86.0,10.0,3.1000000000000005,00:01:33:991
43,-75.0,-74.0,-75.0,-63.0,-65.0,-68.0,-70.0,-75.0,-77.0,-81.0,-87.0,-83.0,10.0,3.1000000000000005,00:01:35:049
44,-69.0,-67.0,-64.0,-65.0,-61.0,-68.0,-81.0,-83.0,-77.0,-83.0,-84.0,-87.0,10.0,3.1000000000000005,00:01:35:266
45,-75.0,-68.0,-64.0,-65.0,-61.0,-68.0,-82.0,-82.0,-70.0,-86.0,-84.0,-87.0,10.0,3.1000000000000005,00:01:35:682
46,-74.0,-68.0,-64.0,-65.0,-61.0,-68.0,-82.0,-75.0,-70.0,-77.0,-84.0,-88.0,10.0,3.1000000000000005,00:01:36:097
47,-69.0,-74.0,-75.0,-65.0,-65.0,-68.0,-76.0,-75.0,-76.0,-81.0,-87.0,-83.0,10.0,3.1000000000000005,00:01:36:302
48,-76.0,-68.0,-64.0,-62.0,-60.0,-68.0,-82.0,-77.0,-70.0,-77.0,-84.0,-87.0,10.0,3.1000000000000005,00:01:36:506
49,-69.0,-74.0,-76.0,-66.0,-65.0,-68.0,-82.0,-75.0,-76.0,-81.0,-78.0,-86.0,10.0,3.1000000000000005,00:01:36:717
50,-68.0,-72.0,-65.0,-64.0,-65.0,-68.0,-81.0,-75.0,-76.0,-80.0,-77.0,-87.0,10.0,3.1000000000000005,00:01:37:133
51,-69.0,-73.0,-65.0,-64.0,-65.0,-67.0,-82.0,-75.0,-76.0,-80.0,-77.0,-87.0,10.0,3.1000000000000005,00:01:37:547
52,-69.0,-73.0,-65.0,-64.0,-66.0,-68.0,-82.0,-75.0,-76.0,-80.0,-77.0,-86.0,10.0,3.1000000000000005,00:01:37:963
53,-76.0,-68.0,-77.0,-64.0,-61.0,-67.0,-83.0,-84.0,-75.0,-84.0,-77.0,-83.0,10.0,3.1000000000000005,00:01:38:170
54,-67.0,-72.0,-66.0,-64.0,-61.0,-58.0,-70.0,-75.0,-75.0,-82.0,-77.0,-83.0,10.0,3.1000000000000005,00:01:38:586
55,-69.0,-67.0,-64.0,-65.0,-61.0,-68.0,-82.0,-84.0,-76.0,-80.0,-77.0,-86.0,10.0,3.1000000000000005,00:01:39:214
56,-69.0,-68.0,-64.0,-65.0,-61.0,-68.0,-82.0,-84.0,-70.0,-77.0,-85.0,-88.0,10.0,3.1000000000000005,00:01:39:642
57,-75.0,-68.0,-64.0,-65.0,-60.0,-68.0,-83.0,-84.0,-70.0,-77.0,-83.0,-87.0,10.0,3.1000000000000005,00:01:40:063
58,-76.0,-68.0,-65.0,-63.0,-61.0,-68.0,-83.0,-74.0,-70.0,-77.0,-83.0,-88.0,10.0,3.1000000000000005,00:01:40:482
59,-69.0,-73.0,-77.0,-64.0,-65.0,-67.0,-81.0,-74.0,-76.0,-80.0,-77.0,-86.0,10.0,3.1000000000000005,00:01:40:698
60,-69.0,-74.0,-65.0,-63.0,-65.0,-67.0,-81.0,-75.0,-76.0,-80.0,-77.0,-87.0,10.0,3.1000000000000005,00:01:41:115
61,-69.0,-73.0,-65.0,-63.0,-65.0,-67.0,-82.0,-75.0,-77.0,-80.0,-77.0,-86.0,10.0,3.1000000000000005,00:01:41:536
62,-76.0,-68.0,-76.0,-64.0,-61.0,-67.0,-82.0,-84.0,-76.0,-81.0,-84.0,-84.0,10.0,3.1000000000000005,00:01:41:742
63,-77.0,-73.0,-76.0,-64.0,-61.0,-58.0,-71.0,-75.0,-76.0,-80.0,-86.0,-83.0,10.0,3.1000000000000005,00:01:42:592
64,-69.0,-68.0,-64.0,-65.0,-61.0,-68.0,-81.0,-83.0,-76.0,-80.0,-77.0,-86.0,10.0,3.1000000000000005,00:01:42:802
65,-69.0,-68.0,-65.0,-65.0,-61.0,-68.0,-82.0,-83.0,-70.0,-83.0,-83.0,-88.0,10.0,3.1000000000000005,00:01:43:219
66,-76.0,-68.0,-65.0,-65.0,-61.0,-68.0,-82.0,-83.0,-70.0,-83.0,-83.0,-87.0,10.0,3.1000000000000005,00:01:43:632
67,-77.0,-68.0,-65.0,-65.0,-61.0,-68.0,-82.0,-75.0,-70.0,-81.0,-84.0,-87.0,10.0,3.1000000000000005,00:01:44:053
68,-69.0,-73.0,-76.0,-65.0,-65.0,-67.0,-81.0,-75.0,-76.0,-80.0,-77.0,-83.0,10.0,3.1000000000000005,00:01:44:263
69,-85.0,-74.0,-76.0,-63.0,-65.0,-67.0,-82.0,-75.0,-77.0,-80.0,-77.0,-88.0,10.0,3.1000000000000005,00:01:44:679
70,-69.0,-74.0,-65.0,-64.0,-65.0,-67.0,-81.0,-75.0,-76.0,-80.0,-77.0,-87.0,10.0,3.1000000000000005,00:01:45:092
71,-69.0,-73.0,-64.0,-63.0,-65.0,-67.0,-82.0,-75.0,-76.0,-80.0,-77.0,-87.0,10.0,3.1000000000000005,00:01:45:511
72,-76.0,-68.0,-66.0,-63.0,-61.0,-67.0,-81.0,-83.0,-76.0,-82.0,-77.0,-83.0,10.0,3.1000000000000005,00:01:45:727
73,-77.0,-73.0,-77.0,-64.0,-61.0,-59.0,-72.0,-75.0,-76.0,-82.0,-86.0,-83.0,10.0,3.1000000000000005,00:01:46:155
74,-76.0,-73.0,-77.0,-64.0,-65.0,-67.0,-70.0,-74.0,-77.0,-80.0,-77.0,-83.0,10.0,3.1000000000000005,00:01:46:582
75,-69.0,-68.0,-65.0,-65.0,-61.0,-68.0,-81.0,-83.0,-76.0,-77.0,-84.0,-87.0,10.0,3.1000000000000005,00:01:46:793
76,-77.0,-68.0,-65.0,-65.0,-61.0,-68.0,-82.0,-83.0,-70.0,-83.0,-83.0,-87.0,10.0,3.1000000000000005,00:01:47:206
77,-77.0,-68.0,-65.0,-65.0,-61.0,-68.0,-82.0,-75.0,-70.0,-77.0,-84.0,-86.0,10.0,3.1000000000000005,00:01:47:624
78,-69.0,-73.0,-77.0,-65.0,-65.0,-68.0,-76.0,-74.0,-75.0,-81.0,-86.0,-83.0,10.0,3.1000000000000005,00:01:47:826
79,-77.0,-68.0,-65.0,-64.0,-61.0,-68.0,-82.0,-75.0,-70.0,-77.0,-85.0,-87.0,10.0,3.1000000000000005,00:01:48:040
80,-82.0,-73.0,-76.0,-58.0,-65.0,-67.0,-82.0,-75.0,-75.0,-80.0,-77.0,-87.0,10.0,3.1000000000000005,00:01:48:253
81,-69.0,-73.0,-65.0,-65.0,-65.0,-68.0,-82.0,-75.0,-76.0,-80.0,-77.0,-86.0,10.0,3.1000000000000005,00:01:49:097
82,-76.0,-68.0,-77.0,-64.0,-61.0,-67.0,-83.0,-84.0,-75.0,-81.0,-77.0,-83.0,10.0,3.1000000000000005,00:01:49:302
83,-77.0,-73.0,-77.0,-64.0,-61.0,-58.0,-70.0,-74.0,-76.0,-82.0,-80.0,-83.0,10.0,3.1000000000000005,00:01:49:723
84,-77.0,-73.0,-77.0,-64.0,-61.0,-58.0,-70.0,-74.0,-75.0,-82.0,-86.0,-83.0,10.0,3.1000000000000005,00:01:50:133
85,-78.0,-73.0,-77.0,-64.0,-65.0,-59.0,-70.0,-75.0,-76.0,-81.0,-86.0,-83.0,10.0,3.1000000000000005,00:01:50:552
86,-69.0,-68.0,-65.0,-65.0,-61.0,-68.0,-81.0,-83.0,-76.0,-82.0,-85.0,-86.0,10.0,3.1000000000000005,00:01:50:760
87,-69.0,-68.0,-65.0,-64.0,-61.0,-68.0,-82.0,-83.0,-70.0,-83.0,-84.0,-88.0,10.0,3.1000000000000005,00:01:51:172
88,-69.0,-72.0,-77.0,-64.0,-65.0,-67.0,-81.0,-74.0,-76.0,-80.0,-85.0,-83.0,10.0,3.1000000000000005,00:01:51:808
89,-69.0,-73.0,-77.0,-64.0,-65.0,-67.0,-81.0,-75.0,-76.0,-80.0,-77.0,-88.0,10.0,3.1000000000000005,00:01:52:231
90,-69.0,-73.0,-64.0,-64.0,-65.0,-68.0,-81.0,-75.0,-76.0,-80.0,-77.0,-87.0,10.0,3.1000000000000005,00:01:52:649
91,-69.0,-73.0,-64.0,-64.0,-65.0,-67.0,-82.0,-75.0,-76.0,-80.0,-77.0,-86.0,10.0,3.1000000000000005,00:01:53:062
92,-77.0,-67.0,-77.0,-63.0,-61.0,-67.0,-82.0,-83.0,-76.0,-82.0,-84.0,-83.0,10.0,3.1000000000000005,00:01:53:273
93,-77.0,-67.0,-70.0,-64.0,-61.0,-60.0,-70.0,-74.0,-75.0,-82.0,-77.0,-83.0,10.0,3.1000000000000005,00:01:53:688
94,-77.0,-73.0,-77.0,-64.0,-61.0,-58.0,-70.0,-74.0,-75.0,-81.0,-86.0,-83.0,10.0,3.1000000000000005,00:01:54:104
95,-77.0,-73.0,-77.0,-64.0,-61.0,-58.0,-70.0,-74.0,-76.0,-81.0,-87.0,-84.0,10.0,3.1000000000000005,00:01:54:520
96,-69.0,-68.0,-64.0,-65.0,-61.0,-68.0,-81.0,-83.0,-76.0,-80.0,-77.0,-86.0,10.0,3.1000000000000005,00:01:54:727
97,-69.0,-73.0,-65.0,-64.0,-65.0,-68.0,-82.0,-75.0,-76.0,-80.0,-77.0,-86.0,10.0,3.1000000000000005,00:01:55:044
98,-78.0,-68.0,-77.0,-63.0,-61.0,-68.0,-82.0,-84.0,-76.0,-77.0,-84.0,-87.0,10.0,3.1000000000000005,00:01:55:253
99,-69.0,-73.0,-65.0,-64.0,-65.0,-68.0,-82.0,-75.0,-76.0,-80.0,-78.0,-86.0,10.0,3.1000000000000005,00:01:55:459
100,-77.0,-68.0,-66.0,-63.0,-61.0,-67.0,-82.0,-82.0,-76.0,-82.0,-77.0,-83.0,10.0,3.1000000000000005,00:01:55:673
101,-77.0,-73.0,-77.0,-62.0,-61.0,-58.0,-70.0,-74.0,-76.0,-81.0,-87.0,-83.0,10.0,3.1000000000000005,00:01:56:096
102,-77.0,-73.0,-77.0,-63.0,-61.0,-59.0,-70.0,-75.0,-76.0,-82.0,-87.0,-83.0,10.0,3.1000000000000005,00:01:56:504
103,-69.0,-68.0,-64.0,-65.0,-61.0,-68.0,-81.0,-83.0,-76.0,-80.0,-77.0,-86.0,10.0,3.1000000000000005,00:01:56:710
104,-77.0,-73.0,-77.0,-62.0,-65.0,-68.0,-70.0,-74.0,-76.0,-82.0,-86.0,-83.0,10.0,3.1000000000000005,00:01:56:915
105,-69.0,-68.0,-64.0,-65.0,-61.0,-68.0,-81.0,-83.0,-76.0,-83.0,-84.0,-87.0,10.0,3.1000000000000005,00:01:57:125
106,-78.0,-68.0,-64.0,-64.0,-60.0,-68.0,-82.0,-75.0,-70.0,-77.0,-84.0,-86.0,10.0,3.1000000000000005,00:01:57:962
107,-69.0,-74.0,-77.0,-65.0,-65.0,-68.0,-81.0,-75.0,-76.0,-80.0,-77.0,-83.0,10.0,3.1000000000000005,00:01:58:177
108,-69.0,-74.0,-65.0,-64.0,-65.0,-68.0,-80.0,-75.0,-76.0,-80.0,-77.0,-88.0,10.0,3.1000000000000005,00:01:58:604
109,-68.0,-75.0,-65.0,-64.0,-65.0,-68.0,-82.0,-75.0,-76.0,-80.0,-77.0,-86.0,10.0,3.1000000000000005,00:01:59:028
110,-77.0,-68.0,-76.0,-64.0,-61.0,-68.0,-82.0,-83.0,-75.0,-81.0,-77.0,-83.0,10.0,3.1000000000000005,00:01:59:240
111,-79.0,-75.0,-78.0,-64.0,-61.0,-59.0,-70.0,-75.0,-75.0,-81.0,-77.0,-83.0,10.0,3.1000000000000005,00:01:59:661
112,-79.0,-76.0,-78.0,-64.0,-61.0,-59.0,-70.0,-75.0,-76.0,-81.0,-88.0,-83.0,10.0,3.1000000000000005,00:02:00:073
113,-79.0,-68.0,-65.0,-64.0,-61.0,-68.0,-82.0,-82.0,-70.0,-77.0,-85.0,-87.0,10.0,3.1000000000000005,00:02:01:133
114,-68.0,-76.0,-77.0,-64.0,-65.0,-68.0,-81.0,-74.0,-75.0,-81.0,-89.0,-83.0,10.0,3.1000000000000005,00:02:01:344
115,-79.0,-69.0,-65.0,-64.0,-61.0,-68.0,-82.0,-74.0,-70.0,-77.0,-84.0,-87.0,10.0,3.1000000000000005,00:02:01:556
116,-86.0,-76.0,-77.0,-65.0,-65.0,-68.0,-80.0,-74.0,-75.0,-80.0,-77.0,-87.0,10.0,3.1000000000000005,00:02:01:762
117,-68.0,-76.0,-64.0,-63.0,-65.0,-68.0,-80.0,-75.0,-76.0,-80.0,-77.0,-88.0,10.0,3.1000000000000005,00:02:02:178
118,-68.0,-76.0,-64.0,-63.0,-65.0,-68.0,-81.0,-74.0,-77.0,-77.0,-78.0,-87.0,10.0,3.1000000000000005,00:02:02:607
119,-83.0,-68.0,-76.0,-64.0,-61.0,-68.0,-84.0,-84.0,-75.0,-81.0,-77.0,-83.0,10.0,3.1000000000000005,00:02:02:819
120,-82.0,-77.0,-76.0,-62.0,-61.0,-58.0,-70.0,-74.0,-76.0,-82.0,-77.0,-84.0,10.0,3.1000000000000005,00:02:03:233
121,-83.0,-77.0,-76.0,-64.0,-61.0,-58.0,-70.0,-74.0,-77.0,-81.0,-88.0,-83.0,10.0,3.1000000000000005,00:02:03:658
122,-68.0,-68.0,-64.0,-65.0,-61.0,-68.0,-80.0,-83.0,-77.0,-80.0,-85.0,-87.0,10.0,3.1000000000000005,00:02:03:865
123,-83.0,-77.0,-76.0,-65.0,-65.0,-68.0,-70.0,-75.0,-77.0,-81.0,-89.0,-84.0,10.0,3.1000000000000005,00:02:04:072
124,-68.0,-68.0,-64.0,-65.0,-61.0,-69.0,-81.0,-84.0,-77.0,-83.0,-85.0,-87.0,10.0,3.1000000000000005,00:02:04:280
125,-83.0,-68.0,-64.0,-65.0,-61.0,-68.0,-82.0,-84.0,-70.0,-81.0,-77.0,-87.0,10.0,3.1000000000000005,00:02:04:706
126,-82.0,-68.0,-64.0,-64.0,-61.0,-68.0,-81.0,-74.0,-70.0,-77.0,-85.0,-87.0,10.0,3.1000000000000005,00:02:05:121
127,-68.0,-76.0,-76.0,-65.0,-65.0,-68.0,-80.0,-74.0,-75.0,-80.0,-78.0,-83.0,10.0,3.1000000000000005,00:02:05:330
128,-85.0,-76.0,-76.0,-64.0,-65.0,-68.0,-80.0,-74.0,-76.0,-80.0,-78.0,-88.0,10.0,3.1000000000000005,00:02:05:741
129,-68.0,-76.0,-65.0,-64.0,-65.0,-68.0,-82.0,-75.0,-76.0,-80.0,-78.0,-87.0,10.0,3.1000000000000005,00:02:06:586
130,-82.0,-68.0,-65.0,-64.0,-61.0,-68.0,-81.0,-84.0,-75.0,-82.0,-77.0,-83.0,10.0,3.1000000000000005,00:02:06:801
131,-83.0,-77.0,-76.0,-64.0,-61.0,-58.0,-70.0,-75.0,-76.0,-81.0,-89.0,-84.0,10.0,3.1000000000000005,00:02:07:220
132,-81.0,-76.0,-76.0,-64.0,-61.0,-58.0,-70.0,-74.0,-76.0,-81.0,-88.0,-83.0,10.0,3.1000000000000005,00:02:07:642
133,-68.0,-68.0,-65.0,-64.0,-61.0,-68.0,-80.0,-84.0,-76.0,-77.0,-77.0,-87.0,10.0,3.1000000000000005,00:02:07:846
134,-68.0,-68.0,-65.0,-64.0,-61.0,-68.0,-81.0,-84.0,-70.0,-83.0,-85.0,-88.0,10.0,3.1000000000000005,00:02:08:265
135,-81.0,-68.0,-65.0,-64.0,-61.0,-68.0,-81.0,-74.0,-70.0,-77.0,-85.0,-87.0,10.0,3.1000000000000005,00:02:08:694
136,-69.0,-76.0,-76.0,-64.0,-65.0,-67.0,-80.0,-74.0,-76.0,-80.0,-89.0,-84.0,10.0,3.1000000000000005,00:02:08:908
137,-68.0,-76.0,-65.0,-64.0,-65.0,-68.0,-81.0,-75.0,-76.0,-80.0,-78.0,-88.0,10.0,3.1000000000000005,00:02:09:335
138,-68.0,-76.0,-65.0,-64.0,-65.0,-67.0,-82.0,-74.0,-76.0,-80.0,-78.0,-86.0,10.0,3.1000000000000005,00:02:09:755
139,-81.0,-68.0,-75.0,-64.0,-61.0,-67.0,-82.0,-84.0,-76.0,-77.0,-85.0,-87.0,10.0,3.1000000000000005,00:02:09:963
140,-81.0,-76.0,-75.0,-64.0,-61.0,-58.0,-70.0,-74.0,-75.0,-81.0,-77.0,-84.0,10.0,3.1000000000000005,00:02:10:390
141,-80.0,-76.0,-76.0,-65.0,-61.0,-58.0,-70.0,-74.0,-76.0,-82.0,-88.0,-84.0,10.0,3.1000000000000005,00:02:10:810
142,-68.0,-68.0,-65.0,-64.0,-61.0,-68.0,-81.0,-84.0,-76.0,-80.0,-78.0,-87.0,10.0,3.1000000000000005,00:02:11:017
143,-81.0,-68.0,-65.0,-64.0,-61.0,-68.0,-82.0,-84.0,-70.0,-83.0,-85.0,-87.0,10.0,3.1000000000000005,00:02:11:449
144,-81.0,-68.0,-65.0,-64.0,-61.0,-68.0,-81.0,-84.0,-70.0,-77.0,-84.0,-87.0,10.0,3.1000000000000005,00:02:11:870
145,-68.0,-62.0,-75.0,-64.0,-65.0,-68.0,-80.0,-74.0,-76.0,-81.0,-88.0,-83.0,10.0,3.1000000000000005,00:02:12:078
146,-87.0,-76.0,-76.0,-65.0,-65.0,-68.0,-80.0,-74.0,-75.0,-81.0,-77.0,-88.0,10.0,3.1000000000000005,00:02:12:500
147,-68.0,-76.0,-65.0,-64.0,-65.0,-68.0,-80.0,-75.0,-76.0,-80.0,-77.0,-89.0,10.0,3.1000000000000005,00:02:12:908
148,-68.0,-76.0,-65.0,-64.0,-65.0,-68.0,-80.0,-75.0,-76.0,-80.0,-77.0,-87.0,10.0,3.1000000000000005,00:02:13:321
149,-69.0,-76.0,-65.0,-64.0,-65.0,-68.0,-81.0,-75.0,-76.0,-80.0,-77.0,-87.0,10.0,3.1000000000000005,00:02:13:737
150,-80.0,-68.0,-76.0,-64.0,-61.0,-68.0,-82.0,-84.0,-76.0,-81.0,-85.0,-83.0,10.0,3.1000000000000005,00:02:13:943
151,-80.0,-68.0,-66.0,-64.0,-61.0,-68.0,-81.0,-82.0,-75.0,-81.0,-77.0,-84.0,10.0,3.1000000000000005,00:02:14:357
152,-80.0,-68.0,-65.0,-64.0,-61.0,-69.0,-81.0,-74.0,-70.0,-77.0,-85.0,-87.0,10.0,3.1000000000000005,00:02:14:668
153,-66.0,-76.0,-76.0,-64.0,-65.0,-68.0,-80.0,-75.0,-75.0,-80.0,-78.0,-89.0,10.0,3.1000000000000005,00:02:14:876
154,-68.0,-62.0,-76.0,-64.0,-65.0,-68.0,-80.0,-75.0,-76.0,-80.0,-78.0,-88.0,10.0,3.1000000000000005,00:02:15:287
155,-68.0,-76.0,-65.0,-64.0,-65.0,-68.0,-80.0,-75.0,-76.0,-80.0,-77.0,-87.0,10.0,3.1000000000000005,00:02:15:711
156,-68.0,-76.0,-65.0,-64.0,-65.0,-68.0,-82.0,-76.0,-77.0,-80.0,-78.0,-87.0,10.0,3.1000000000000005,00:02:16:127
157,-80.0,-68.0,-76.0,-64.0,-61.0,-68.0,-82.0,-84.0,-75.0,-81.0,-85.0,-84.0,10.0,3.1000000000000005,00:02:16:331
158,-80.0,-68.0,-66.0,-65.0,-61.0,-60.0,-70.0,-74.0,-76.0,-81.0,-77.0,-84.0,10.0,3.1000000000000005,00:02:16:746
159,-80.0,-76.0,-76.0,-64.0,-61.0,-58.0,-70.0,-74.0,-75.0,-81.0,-88.0,-83.0,10.0,3.1000000000000005,00:02:17:162
160,-68.0,-68.0,-65.0,-64.0,-61.0,-68.0,-80.0,-84.0,-76.0,-80.0,-78.0,-87.0,10.0,3.1000000000000005,00:02:17:380
161,-80.0,-76.0,-76.0,-64.0,-65.0,-67.0,-70.0,-74.0,-76.0,-81.0,-88.0,-84.0,10.0,3.1000000000000005,00:02:17:587
162,-68.0,-68.0,-65.0,-64.0,-61.0,-68.0,-80.0,-84.0,-76.0,-82.0,-85.0,-87.0,10.0,3.1000000000000005,00:02:17:800
163,-80.0,-68.0,-65.0,-64.0,-62.0,-68.0,-81.0,-74.0,-70.0,-77.0,-85.0,-86.0,10.0,3.1000000000000005,00:02:18:233
164,-68.0,-76.0,-76.0,-64.0,-65.0,-68.0,-80.0,-74.0,-75.0,-81.0,-88.0,-83.0,10.0,3.1000000000000005,00:02:18:444
165,-68.0,-76.0,-65.0,-64.0,-65.0,-68.0,-80.0,-75.0,-76.0,-80.0,-78.0,-89.0,10.0,3.1000000000000005,00:02:18:873
166,-68.0,-76.0,-65.0,-64.0,-66.0,-68.0,-82.0,-75.0,-76.0,-80.0,-78.0,-87.0,10.0,3.1000000000000005,00:02:19:704
167,-81.0,-68.0,-76.0,-64.0,-61.0,-68.0,-82.0,-84.0,-76.0,-81.0,-77.0,-83.0,10.0,3.1000000000000005,00:02:19:910
168,-81.0,-76.0,-75.0,-64.0,-61.0,-58.0,-70.0,-74.0,-76.0,-81.0,-88.0,-83.0,10.0,3.1000000000000005,00:02:20:744
169,-68.0,-68.0,-65.0,-64.0,-61.0,-68.0,-80.0,-84.0,-76.0,-80.0,-78.0,-87.0,10.0,3.1000000000000005,00:02:20:953
170,-68.0,-69.0,-64.0,-64.0,-61.0,-68.0,-81.0,-84.0,-70.0,-83.0,-85.0,-87.0,10.0,3.1000000000000005,00:02:21:383
171,-81.0,-68.0,-65.0,-64.0,-61.0,-68.0,-81.0,-84.0,-70.0,-77.0,-85.0,-87.0,10.0,3.1000000000000005,00:02:21:795
172,-81.0,-67.0,-65.0,-64.0,-61.0,-68.0,-81.0,-74.0,-70.0,-81.0,-85.0,-83.0,10.0,3.1000000000000005,00:02:22:213
173,-68.0,-62.0,-75.0,-64.0,-65.0,-68.0,-80.0,-74.0,-76.0,-80.0,-88.0,-88.0,10.0,3.1000000000000005,00:02:22:832
174,-68.0,-76.0,-65.0,-64.0,-65.0,-67.0,-80.0,-76.0,-77.0,-80.0,-78.0,-87.0,10.0,3.1000000000000005,00:02:23:254
175,-68.0,-76.0,-65.0,-64.0,-65.0,-68.0,-82.0,-75.0,-76.0,-80.0,-78.0,-87.0,10.0,3.1000000000000005,00:02:23:682
176,-81.0,-68.0,-69.0,-64.0,-61.0,-68.0,-82.0,-84.0,-76.0,-81.0,-77.0,-84.0,10.0,3.1000000000000005,00:02:23:894
177,-81.0,-76.0,-75.0,-64.0,-61.0,-59.0,-70.0,-74.0,-76.0,-81.0,-77.0,-83.0,10.0,3.1000000000000005,00:02:24:305
178,-81.0,-76.0,-75.0,-65.0,-61.0,-58.0,-70.0,-74.0,-75.0,-81.0,-88.0,-84.0,10.0,3.1000000000000005,00:02:24:722
179,-68.0,-68.0,-65.0,-65.0,-61.0,-68.0,-81.0,-84.0,-76.0,-80.0,-78.0,-86.0,10.0,3.1000000000000005,00:02:24:933
180,-82.0,-76.0,-75.0,-64.0,-65.0,-67.0,-70.0,-74.0,-76.0,-81.0,-79.0,-84.0,10.0,3.1000000000000005,00:02:25:138
181,-68.0,-69.0,-65.0,-65.0,-61.0,-68.0,-81.0,-73.0,-76.0,-83.0,-84.0,-87.0,10.0,3.1000000000000005,00:02:25:348
182,-68.0,-69.0,-64.0,-64.0,-61.0,-68.0,-82.0,-84.0,-70.0,-83.0,-85.0,-88.0,10.0,3.1000000000000005,00:02:25:755
183,-68.0,-76.0,-76.0,-65.0,-65.0,-67.0,-80.0,-74.0,-76.0,-81.0,-88.0,-84.0,10.0,3.1000000000000005,00:02:26:390
184,-68.0,-77.0,-65.0,-64.0,-65.0,-68.0,-81.0,-75.0,-76.0,-80.0,-78.0,-88.0,10.0,3.1000000000000005,00:02:26:817
185,-68.0,-76.0,-65.0,-64.0,-65.0,-68.0,-81.0,-75.0,-76.0,-80.0,-78.0,-87.0,10.0,3.1000000000000005,00:02:27:232
186,-68.0,-76.0,-65.0,-64.0,-65.0,-68.0,-82.0,-75.0,-76.0,-83.0,-85.0,-88.0,10.0,3.1000000000000005,00:02:27:645
187,-80.0,-68.0,-76.0,-64.0,-61.0,-68.0,-81.0,-83.0,-76.0,-81.0,-85.0,-84.0,10.0,3.1000000000000005,00:02:27:856
188,-80.0,-76.0,-76.0,-64.0,-61.0,-60.0,-73.0,-74.0,-76.0,-81.0,-89.0,-84.0,10.0,3.1000000000000005,00:02:28:706
189,-68.0,-67.0,-65.0,-64.0,-61.0,-68.0,-81.0,-84.0,-76.0,-83.0,-86.0,-86.0,10.0,3.1000000000000005,00:02:28:921
190,-81.0,-68.0,-65.0,-64.0,-62.0,-68.0,-81.0,-84.0,-70.0,-77.0,-84.0,-87.0,10.0,3.1000000000000005,00:02:29:349
191,-81.0,-68.0,-65.0,-64.0,-62.0,-68.0,-82.0,-74.0,-70.0,-77.0,-85.0,-87.0,10.0,3.1000000000000005,00:02:29:772
192,-74.0,-67.0,-67.0,-54.0,-57.0,-65.0,-77.0,-70.0,-71.0,-82.0,-87.0,-79.0,11.0,3.1000000000000005,00:03:54:392
193,-67.0,-73.0,-67.0,-54.0,-51.0,-65.0,-73.0,-70.0,-68.0,-82.0,-88.0,-79.0,11.0,3.1000000000000005,00:03:54:821
194,-67.0,-72.0,-67.0,-54.0,-53.0,-65.0,-73.0,-74.0,-67.0,-82.0,-87.0,-78.0,11.0,3.1000000000000005,00:03:55:227
195,-74.0,-71.0,-72.0,-54.0,-60.0,-58.0,-77.0,-74.0,-70.0,-81.0,-80.0,-82.0,11.0,3.1000000000000005,00:03:55:437
196,-73.0,-71.0,-67.0,-51.0,-60.0,-58.0,-77.0,-67.0,-71.0,-80.0,-74.0,-80.0,11.0,3.1000000000000005,00:03:55:860
197,-75.0,-71.0,-67.0,-51.0,-60.0,-58.0,-77.0,-67.0,-71.0,-81.0,-74.0,-77.0,11.0,3.1000000000000005,00:03:56:275
198,-75.0,-71.0,-67.0,-51.0,-59.0,-58.0,-73.0,-67.0,-71.0,-81.0,-75.0,-77.0,11.0,3.1000000000000005,00:03:56:693
199,-66.0,-72.0,-72.0,-60.0,-57.0,-58.0,-73.0,-70.0,-70.0,-88.0,-81.0,-78.0,11.0,3.1000000000000005,00:03:56:897
200,-66.0,-71.0,-72.0,-60.0,-57.0,-54.0,-75.0,-75.0,-72.0,-80.0,-80.0,-82.0,11.0,3.1000000000000005,00:03:57:739
201,-66.0,-71.0,-72.0,-60.0,-57.0,-54.0,-75.0,-75.0,-72.0,-80.0,-80.0,-82.0,11.0,3.1000000000000005,00:03:58:152
202,-74.0,-71.0,-67.0,-54.0,-55.0,-65.0,-77.0,-70.0,-71.0,-81.0,-88.0,-78.0,11.0,3.1000000000000005,00:03:58:359
203,-74.0,-66.0,-67.0,-54.0,-57.0,-65.0,-77.0,-70.0,-71.0,-81.0,-88.0,-78.0,11.0,3.1000000000000005,00:03:58:767
204,-74.0,-71.0,-72.0,-54.0,-60.0,-59.0,-69.0,-74.0,-70.0,-81.0,-80.0,-82.0,11.0,3.1000000000000005,00:03:59:407
205,-74.0,-72.0,-72.0,-54.0,-60.0,-59.0,-77.0,-74.0,-70.0,-81.0,-74.0,-80.0,11.0,3.1000000000000005,00:03:59:824
206,-74.0,-71.0,-67.0,-51.0,-60.0,-58.0,-77.0,-67.0,-71.0,-81.0,-74.0,-80.0,11.0,3.1000000000000005,00:04:00:237
207,-67.0,-72.0,-72.0,-67.0,-57.0,-65.0,-73.0,-70.0,-70.0,-82.0,-88.0,-78.0,11.0,3.1000000000000005,00:04:00:859
208,-74.0,-71.0,-67.0,-51.0,-59.0,-58.0,-73.0,-67.0,-71.0,-81.0,-75.0,-77.0,11.0,3.1000000000000005,00:04:01:071
209,-67.0,-71.0,-72.0,-60.0,-57.0,-54.0,-75.0,-74.0,-70.0,-81.0,-80.0,-82.0,11.0,3.1000000000000005,00:04:01:706
210,-67.0,-71.0,-72.0,-60.0,-57.0,-54.0,-75.0,-75.0,-71.0,-81.0,-79.0,-82.0,11.0,3.1000000000000005,00:04:02:130
211,-74.0,-66.0,-67.0,-54.0,-57.0,-65.0,-77.0,-70.0,-71.0,-81.0,-88.0,-78.0,11.0,3.1000000000000005,00:04:02:343
212,-66.0,-72.0,-67.0,-54.0,-51.0,-65.0,-73.0,-70.0,-68.0,-81.0,-88.0,-78.0,11.0,3.1000000000000005,00:04:02:755
213,-66.0,-72.0,-67.0,-54.0,-53.0,-65.0,-73.0,-74.0,-68.0,-82.0,-88.0,-78.0,11.0,3.1000000000000005,00:04:03:180
214,-74.0,-71.0,-72.0,-54.0,-60.0,-59.0,-77.0,-74.0,-70.0,-81.0,-75.0,-80.0,11.0,3.1000000000000005,00:04:03:398
215,-74.0,-71.0,-67.0,-51.0,-60.0,-58.0,-77.0,-67.0,-71.0,-81.0,-74.0,-80.0,11.0,3.1000000000000005,00:04:03:818
216,-74.0,-71.0,-67.0,-51.0,-62.0,-58.0,-73.0,-69.0,-72.0,-81.0,-75.0,-77.0,11.0,3.1000000000000005,00:04:04:242
217,-66.0,-71.0,-72.0,-60.0,-58.0,-58.0,-73.0,-70.0,-70.0,-82.0,-81.0,-82.0,11.0,3.1000000000000005,00:04:04:452
218,-66.0,-71.0,-72.0,-60.0,-58.0,-54.0,-75.0,-74.0,-70.0,-81.0,-81.0,-82.0,11.0,3.1000000000000005,00:04:04:876
219,-66.0,-71.0,-72.0,-60.0,-57.0,-54.0,-75.0,-75.0,-71.0,-81.0,-80.0,-82.0,11.0,3.1000000000000005,00:04:05:309
220,-74.0,-71.0,-68.0,-54.0,-57.0,-65.0,-77.0,-70.0,-71.0,-81.0,-88.0,-78.0,11.0,3.1000000000000005,00:04:05:518
221,-66.0,-71.0,-68.0,-54.0,-52.0,-65.0,-73.0,-70.0,-68.0,-82.0,-88.0,-78.0,11.0,3.1000000000000005,00:04:05:936
222,-74.0,-70.0,-72.0,-54.0,-60.0,-58.0,-77.0,-74.0,-70.0,-81.0,-74.0,-80.0,11.0,3.1000000000000005,00:04:06:577
223,-76.0,-70.0,-67.0,-51.0,-59.0,-58.0,-77.0,-67.0,-71.0,-81.0,-75.0,-80.0,11.0,3.1000000000000005,00:04:06:999
224,-74.0,-70.0,-67.0,-51.0,-60.0,-58.0,-73.0,-67.0,-71.0,-81.0,-74.0,-77.0,11.0,3.1000000000000005,00:04:07:424
225,-66.0,-70.0,-72.0,-60.0,-57.0,-54.0,-75.0,-74.0,-70.0,-81.0,-79.0,-82.0,11.0,3.1000000000000005,00:04:08:067
226,-74.0,-66.0,-67.0,-53.0,-52.0,-65.0,-73.0,-70.0,-68.0,-82.0,-88.0,-78.0,11.0,3.1000000000000005,00:04:08:711
227,-66.0,-71.0,-67.0,-54.0,-52.0,-65.0,-73.0,-70.0,-68.0,-82.0,-89.0,-78.0,11.0,3.1000000000000005,00:04:09:136
228,-66.0,-71.0,-67.0,-54.0,-53.0,-65.0,-73.0,-74.0,-68.0,-82.0,-88.0,-78.0,11.0,3.1000000000000005,00:04:09:545
229,-74.0,-71.0,-72.0,-54.0,-60.0,-58.0,-79.0,-74.0,-70.0,-81.0,-80.0,-81.0,11.0,3.1000000000000005,00:04:09:755
230,-74.0,-71.0,-67.0,-51.0,-59.0,-58.0,-77.0,-67.0,-71.0,-80.0,-74.0,-81.0,11.0,3.1000000000000005,00:04:10:174
231,-74.0,-71.0,-67.0,-51.0,-59.0,-58.0,-77.0,-67.0,-71.0,-81.0,-75.0,-77.0,11.0,3.1000000000000005,00:04:10:581
232,-66.0,-70.0,-72.0,-60.0,-57.0,-54.0,-75.0,-74.0,-71.0,-81.0,-80.0,-82.0,11.0,3.1000000000000005,00:04:11:656
233,-74.0,-71.0,-68.0,-54.0,-57.0,-65.0,-77.0,-70.0,-71.0,-81.0,-74.0,-77.0,11.0,3.1000000000000005,00:04:11:867
234,-74.0,-66.0,-67.0,-54.0,-57.0,-65.0,-77.0,-70.0,-71.0,-81.0,-88.0,-78.0,11.0,3.1000000000000005,00:04:12:283
235,-87.0,-70.0,-72.0,-54.0,-60.0,-59.0,-77.0,-74.0,-70.0,-81.0,-75.0,-81.0,11.0,3.1000000000000005,00:04:13:344
236,-74.0,-70.0,-67.0,-51.0,-60.0,-58.0,-77.0,-67.0,-71.0,-81.0,-75.0,-81.0,11.0,3.1000000000000005,00:04:13:755
237,-74.0,-70.0,-67.0,-51.0,-60.0,-58.0,-73.0,-69.0,-72.0,-80.0,-74.0,-77.0,11.0,3.1000000000000005,00:04:14:177
238,-61.0,-71.0,-72.0,-60.0,-57.0,-58.0,-73.0,-70.0,-70.0,-82.0,-88.0,-80.0,11.0,3.1000000000000005,00:04:14:386
239,-66.0,-71.0,-67.0,-54.0,-51.0,-65.0,-73.0,-73.0,-68.0,-82.0,-88.0,-78.0,11.0,3.1000000000000005,00:04:14:693
240,-63.0,-71.0,-67.0,-54.0,-51.0,-65.0,-73.0,-75.0,-68.0,-82.0,-87.0,-78.0,11.0,3.1000000000000005,00:04:15:114
241,-74.0,-70.0,-72.0,-54.0,-60.0,-59.0,-77.0,-75.0,-70.0,-81.0,-74.0,-81.0,11.0,3.1000000000000005,00:04:15:325
242,-74.0,-70.0,-67.0,-51.0,-59.0,-59.0,-77.0,-67.0,-71.0,-81.0,-74.0,-81.0,11.0,3.1000000000000005,00:04:15:744
243,-74.0,-70.0,-67.0,-51.0,-59.0,-58.0,-73.0,-67.0,-72.0,-80.0,-75.0,-77.0,11.0,3.1000000000000005,00:04:16:170
244,-66.0,-70.0,-72.0,-60.0,-57.0,-54.0,-75.0,-75.0,-70.0,-81.0,-80.0,-82.0,11.0,3.1000000000000005,00:04:17:207
245,-66.0,-71.0,-72.0,-60.0,-57.0,-54.0,-75.0,-75.0,-71.0,-81.0,-80.0,-82.0,11.0,3.1000000000000005,00:04:17:621
246,-74.0,-66.0,-67.0,-54.0,-57.0,-65.0,-77.0,-70.0,-71.0,-82.0,-88.0,-78.0,11.0,3.1000000000000005,00:04:18:245
247,-66.0,-71.0,-67.0,-54.0,-51.0,-65.0,-73.0,-70.0,-68.0,-82.0,-88.0,-78.0,11.0,3.1000000000000005,00:04:18:671
248,-66.0,-71.0,-67.0,-54.0,-52.0,-65.0,-73.0,-75.0,-68.0,-82.0,-88.0,-78.0,11.0,3.1000000000000005,00:04:19:086
249,-74.0,-70.0,-73.0,-54.0,-60.0,-59.0,-77.0,-75.0,-70.0,-81.0,-74.0,-81.0,11.0,3.1000000000000005,00:04:19:300
250,-75.0,-70.0,-67.0,-51.0,-60.0,-58.0,-77.0,-67.0,-71.0,-81.0,-74.0,-77.0,11.0,3.1000000000000005,00:04:19:726
251,-75.0,-70.0,-67.0,-51.0,-58.0,-58.0,-73.0,-67.0,-71.0,-81.0,-74.0,-77.0,11.0,3.1000000000000005,00:04:20:142
252,-66.0,-72.0,-72.0,-60.0,-57.0,-57.0,-73.0,-70.0,-70.0,-82.0,-87.0,-79.0,11.0,3.1000000000000005,00:04:20:348
253,-66.0,-71.0,-72.0,-60.0,-57.0,-54.0,-75.0,-75.0,-70.0,-81.0,-80.0,-82.0,11.0,3.1000000000000005,00:04:21:189
254,-75.0,-71.0,-67.0,-54.0,-57.0,-65.0,-77.0,-71.0,-71.0,-81.0,-75.0,-77.0,11.0,3.1000000000000005,00:04:21:403
255,-75.0,-71.0,-68.0,-54.0,-57.0,-65.0,-77.0,-71.0,-71.0,-81.0,-87.0,-78.0,11.0,3.1000000000000005,00:04:21:819
256,-66.0,-71.0,-68.0,-54.0,-52.0,-65.0,-73.0,-70.0,-68.0,-82.0,-88.0,-78.0,11.0,3.1000000000000005,00:04:22:652
257,-66.0,-72.0,-68.0,-54.0,-51.0,-65.0,-73.0,-74.0,-68.0,-82.0,-89.0,-78.0,11.0,3.1000000000000005,00:04:23:065
258,-75.0,-70.0,-67.0,-51.0,-59.0,-59.0,-77.0,-67.0,-71.0,-81.0,-74.0,-81.0,11.0,3.1000000000000005,00:04:23:691
259,-75.0,-70.0,-67.0,-51.0,-60.0,-58.0,-73.0,-67.0,-71.0,-81.0,-75.0,-77.0,11.0,3.1000000000000005,00:04:24:116
260,-66.0,-71.0,-72.0,-60.0,-57.0,-58.0,-73.0,-70.0,-70.0,-82.0,-89.0,-79.0,11.0,3.1000000000000005,00:04:24:322
261,-66.0,-70.0,-72.0,-60.0,-57.0,-54.0,-75.0,-76.0,-70.0,-81.0,-80.0,-82.0,11.0,3.1000000000000005,00:04:25:164
262,-66.0,-70.0,-72.0,-60.0,-57.0,-54.0,-75.0,-75.0,-71.0,-81.0,-80.0,-82.0,11.0,3.1000000000000005,00:04:25:576
263,-74.0,-72.0,-67.0,-54.0,-57.0,-65.0,-77.0,-71.0,-71.0,-81.0,-87.0,-77.0,11.0,3.1000000000000005,00:04:25:785
264,-74.0,-66.0,-68.0,-54.0,-52.0,-64.0,-73.0,-71.0,-68.0,-81.0,-87.0,-78.0,11.0,3.1000000000000005,00:04:26:203
265,-66.0,-71.0,-67.0,-54.0,-52.0,-65.0,-73.0,-75.0,-68.0,-82.0,-87.0,-78.0,11.0,3.1000000000000005,00:04:26:629
266,-74.0,-70.0,-72.0,-54.0,-60.0,-59.0,-77.0,-75.0,-70.0,-81.0,-80.0,-81.0,11.0,3.1000000000000005,00:04:26:844
267,-74.0,-70.0,-67.0,-51.0,-60.0,-58.0,-73.0,-67.0,-71.0,-81.0,-74.0,-77.0,11.0,3.1000000000000005,00:04:28:097
268,-66.0,-70.0,-71.0,-60.0,-57.0,-54.0,-75.0,-75.0,-70.0,-81.0,-80.0,-82.0,11.0,3.1000000000000005,00:04:28:734
269,-66.0,-70.0,-71.0,-60.0,-57.0,-54.0,-75.0,-75.0,-71.0,-81.0,-80.0,-82.0,11.0,3.1000000000000005,00:04:29:157
270,-74.0,-72.0,-67.0,-54.0,-57.0,-65.0,-77.0,-71.0,-71.0,-81.0,-88.0,-78.0,11.0,3.1000000000000005,00:04:29:369
271,-74.0,-66.0,-67.0,-54.0,-57.0,-65.0,-73.0,-71.0,-68.0,-81.0,-87.0,-78.0,11.0,3.1000000000000005,00:04:29:778
272,-66.0,-72.0,-67.0,-54.0,-53.0,-65.0,-73.0,-71.0,-68.0,-82.0,-87.0,-78.0,11.0,3.1000000000000005,00:04:30:202
273,-74.0,-70.0,-71.0,-54.0,-59.0,-59.0,-76.0,-75.0,-70.0,-81.0,-75.0,-81.0,11.0,3.1000000000000005,00:04:30:826
274,-74.0,-70.0,-67.0,-51.0,-60.0,-58.0,-77.0,-67.0,-71.0,-81.0,-76.0,-80.0,11.0,3.1000000000000005,00:04:31:240
275,-74.0,-70.0,-67.0,-51.0,-59.0,-58.0,-73.0,-67.0,-72.0,-81.0,-74.0,-77.0,11.0,3.1000000000000005,00:04:31:666
276,-66.0,-70.0,-71.0,-60.0,-57.0,-54.0,-75.0,-74.0,-70.0,-81.0,-79.0,-82.0,11.0,3.1000000000000005,00:04:32:314
277,-74.0,-71.0,-67.0,-54.0,-57.0,-65.0,-77.0,-71.0,-71.0,-81.0,-88.0,-78.0,11.0,3.1000000000000005,00:04:32:948
278,-66.0,-71.0,-67.0,-54.0,-51.0,-65.0,-73.0,-70.0,-67.0,-81.0,-88.0,-78.0,11.0,3.1000000000000005,00:04:33:366
279,-66.0,-71.0,-67.0,-54.0,-53.0,-65.0,-75.0,-74.0,-68.0,-82.0,-88.0,-78.0,11.0,3.1000000000000005,00:04:33:785
280,-74.0,-70.0,-71.0,-54.0,-59.0,-58.0,-77.0,-74.0,-70.0,-81.0,-75.0,-81.0,11.0,3.1000000000000005,00:04:34:407
281,-74.0,-70.0,-67.0,-51.0,-60.0,-58.0,-77.0,-67.0,-72.0,-81.0,-75.0,-81.0,11.0,3.1000000000000005,00:04:34:819
282,-66.0,-70.0,-71.0,-60.0,-57.0,-54.0,-75.0,-75.0,-70.0,-81.0,-80.0,-82.0,11.0,3.1000000000000005,00:04:36:689
283,-67.0,-70.0,-71.0,-60.0,-57.0,-54.0,-75.0,-75.0,-72.0,-81.0,-80.0,-82.0,11.0,3.1000000000000005,00:04:37:110
284,-74.0,-71.0,-67.0,-54.0,-57.0,-65.0,-77.0,-71.0,-71.0,-81.0,-87.0,-78.0,11.0,3.1000000000000005,00:04:37:322
285,-66.0,-72.0,-67.0,-54.0,-51.0,-65.0,-73.0,-71.0,-68.0,-81.0,-88.0,-78.0,11.0,3.1000000000000005,00:04:37:741
286,-66.0,-72.0,-67.0,-54.0,-51.0,-65.0,-73.0,-75.0,-68.0,-82.0,-87.0,-78.0,11.0,3.1000000000000005,00:04:38:159
287,-74.0,-70.0,-71.0,-54.0,-60.0,-58.0,-77.0,-75.0,-70.0,-81.0,-79.0,-82.0,11.0,3.1000000000000005,00:04:38:369
288,-86.0,-71.0,-72.0,-54.0,-60.0,-59.0,-77.0,-67.0,-71.0,-81.0,-74.0,-81.0,11.0,3.1000000000000005,00:04:38:789
289,-74.0,-71.0,-68.0,-51.0,-60.0,-58.0,-73.0,-67.0,-71.0,-81.0,-75.0,-77.0,11.0,3.1000000000000005,00:04:39:218
290,-66.0,-71.0,-72.0,-60.0,-57.0,-54.0,-75.0,-74.0,-70.0,-81.0,-80.0,-82.0,11.0,3.1000000000000005,00:04:40:263
291,-66.0,-71.0,-72.0,-60.0,-57.0,-54.0,-75.0,-74.0,-72.0,-81.0,-80.0,-82.0,11.0,3.1000000000000005,00:04:40:684
292,-74.0,-71.0,-68.0,-54.0,-57.0,-65.0,-77.0,-71.0,-72.0,-82.0,-77.0,-77.0,11.0,3.1000000000000005,00:04:40:890
293,-74.0,-67.0,-68.0,-54.0,-57.0,-65.0,-73.0,-71.0,-68.0,-81.0,-88.0,-78.0,11.0,3.1000000000000005,00:04:41:304
294,-66.0,-71.0,-68.0,-54.0,-51.0,-65.0,-73.0,-71.0,-68.0,-82.0,-88.0,-78.0,11.0,3.1000000000000005,00:04:41:727
295,-66.0,-71.0,-68.0,-54.0,-53.0,-65.0,-73.0,-74.0,-68.0,-82.0,-88.0,-78.0,11.0,3.1000000000000005,00:04:42:146
296,-74.0,-70.0,-72.0,-54.0,-60.0,-58.0,-77.0,-74.0,-70.0,-81.0,-75.0,-81.0,11.0,3.1000000000000005,00:04:42:355
297,-74.0,-70.0,-68.0,-51.0,-61.0,-58.0,-77.0,-67.0,-72.0,-81.0,-75.0,-81.0,11.0,3.1000000000000005,00:04:42:772
298,-75.0,-71.0,-68.0,-51.0,-59.0,-59.0,-73.0,-67.0,-71.0,-81.0,-75.0,-77.0,11.0,3.1000000000000005,00:04:43:198
299,-66.0,-71.0,-72.0,-60.0,-57.0,-58.0,-73.0,-71.0,-70.0,-82.0,-88.0,-78.0,11.0,3.1000000000000005,00:04:43:404
300,-66.0,-70.0,-72.0,-60.0,-57.0,-54.0,-75.0,-75.0,-70.0,-81.0,-80.0,-82.0,11.0,3.1000000000000005,00:04:44:243
301,-66.0,-71.0,-72.0,-60.0,-57.0,-54.0,-75.0,-74.0,-71.0,-80.0,-80.0,-82.0,11.0,3.1000000000000005,00:04:45:061
302,-66.0,-71.0,-68.0,-54.0,-51.0,-65.0,-73.0,-74.0,-68.0,-82.0,-88.0,-79.0,11.0,3.1000000000000005,00:04:46:109
303,-74.0,-70.0,-72.0,-54.0,-59.0,-59.0,-77.0,-75.0,-70.0,-80.0,-80.0,-81.0,11.0,3.1000000000000005,00:04:46:327
304,-74.0,-70.0,-68.0,-51.0,-59.0,-58.0,-77.0,-67.0,-72.0,-81.0,-74.0,-81.0,11.0,3.1000000000000005,00:04:46:745
305,-66.0,-71.0,-72.0,-60.0,-57.0,-58.0,-73.0,-71.0,-70.0,-82.0,-88.0,-79.0,11.0,3.1000000000000005,00:04:47:376
306,-66.0,-70.0,-72.0,-60.0,-58.0,-54.0,-75.0,-75.0,-71.0,-80.0,-80.0,-82.0,11.0,3.1000000000000005,00:04:48:632
307,-74.0,-71.0,-68.0,-54.0,-57.0,-65.0,-77.0,-71.0,-71.0,-82.0,-87.0,-78.0,11.0,3.1000000000000005,00:04:48:852
308,-66.0,-71.0,-67.0,-54.0,-53.0,-65.0,-73.0,-71.0,-68.0,-82.0,-88.0,-78.0,11.0,3.1000000000000005,00:04:49:276
309,-67.0,-71.0,-67.0,-54.0,-51.0,-65.0,-73.0,-70.0,-68.0,-82.0,-87.0,-78.0,11.0,3.1000000000000005,00:04:49:683
310,-66.0,-71.0,-67.0,-54.0,-53.0,-65.0,-73.0,-75.0,-68.0,-82.0,-87.0,-78.0,11.0,3.1000000000000005,00:04:50:094
311,-75.0,-71.0,-72.0,-54.0,-60.0,-58.0,-77.0,-75.0,-70.0,-81.0,-80.0,-81.0,11.0,3.1000000000000005,00:04:50:299
312,-75.0,-71.0,-67.0,-51.0,-60.0,-59.0,-78.0,-67.0,-72.0,-81.0,-74.0,-81.0,11.0,3.1000000000000005,00:04:50:724
313,-75.0,-71.0,-67.0,-51.0,-59.0,-58.0,-73.0,-67.0,-72.0,-81.0,-75.0,-77.0,11.0,3.1000000000000005,00:04:51:145
314,-66.0,-71.0,-72.0,-60.0,-57.0,-58.0,-73.0,-71.0,-70.0,-82.0,-87.0,-79.0,11.0,3.1000000000000005,00:04:51:353
315,-66.0,-71.0,-72.0,-60.0,-57.0,-54.0,-75.0,-74.0,-70.0,-81.0,-79.0,-82.0,11.0,3.1000000000000005,00:04:52:195
316,-75.0,-71.0,-67.0,-54.0,-57.0,-65.0,-77.0,-70.0,-71.0,-81.0,-88.0,-79.0,11.0,3.1000000000000005,00:04:52:827
317,-64.0,-71.0,-72.0,-54.0,-60.0,-58.0,-77.0,-75.0,-70.0,-80.0,-75.0,-81.0,11.0,3.1000000000000005,00:04:53:886
318,-75.0,-71.0,-67.0,-51.0,-59.0,-58.0,-77.0,-67.0,-72.0,-81.0,-75.0,-77.0,11.0,3.1000000000000005,00:04:54:312
319,-75.0,-71.0,-67.0,-51.0,-60.0,-56.0,-73.0,-67.0,-71.0,-81.0,-74.0,-77.0,11.0,3.1000000000000005,00:04:54:730
320,-66.0,-71.0,-72.0,-60.0,-57.0,-54.0,-75.0,-75.0,-70.0,-81.0,-80.0,-82.0,11.0,3.1000000000000005,00:04:55:769
321,-66.0,-71.0,-72.0,-60.0,-57.0,-54.0,-75.0,-75.0,-72.0,-81.0,-80.0,-82.0,11.0,3.1000000000000005,00:04:56:186
322,-75.0,-71.0,-68.0,-54.0,-57.0,-65.0,-78.0,-71.0,-71.0,-82.0,-88.0,-78.0,11.0,3.1000000000000005,00:04:56:402
323,-66.0,-71.0,-68.0,-54.0,-52.0,-65.0,-73.0,-75.0,-68.0,-82.0,-88.0,-78.0,11.0,3.1000000000000005,00:04:56:837
324,-75.0,-71.0,-72.0,-54.0,-59.0,-59.0,-77.0,-75.0,-70.0,-81.0,-80.0,-82.0,11.0,3.1000000000000005,00:04:57:052
325,-75.0,-70.0,-68.0,-51.0,-59.0,-58.0,-77.0,-67.0,-72.0,-81.0,-74.0,-81.0,11.0,3.1000000000000005,00:04:57:477
326,-74.0,-70.0,-68.0,-51.0,-60.0,-58.0,-77.0,-67.0,-72.0,-81.0,-75.0,-77.0,11.0,3.1000000000000005,00:04:57:892
327,-74.0,-70.0,-68.0,-51.0,-60.0,-59.0,-73.0,-67.0,-72.0,-81.0,-74.0,-77.0,11.0,3.1000000000000005,00:04:58:311
328,-66.0,-70.0,-72.0,-60.0,-58.0,-54.0,-75.0,-75.0,-70.0,-81.0,-80.0,-82.0,11.0,3.1000000000000005,00:04:59:352
329,-74.0,-72.0,-67.0,-54.0,-57.0,-65.0,-77.0,-71.0,-71.0,-81.0,-87.0,-79.0,11.0,3.1000000000000005,00:04:59:982
330,-67.0,-72.0,-67.0,-54.0,-51.0,-65.0,-73.0,-71.0,-68.0,-81.0,-88.0,-78.0,11.0,3.1000000000000005,00:05:00:396
331,-66.0,-72.0,-67.0,-54.0,-50.0,-65.0,-75.0,-74.0,-68.0,-82.0,-88.0,-78.0,11.0,3.1000000000000005,00:05:00:817
332,-74.0,-70.0,-72.0,-54.0,-60.0,-58.0,-77.0,-74.0,-70.0,-81.0,-80.0,-80.0,11.0,3.1000000000000005,00:05:01:032
333,-86.0,-70.0,-72.0,-54.0,-60.0,-59.0,-77.0,-74.0,-70.0,-81.0,-75.0,-81.0,11.0,3.1000000000000005,00:05:01:443
334,-75.0,-71.0,-68.0,-51.0,-60.0,-58.0,-77.0,-67.0,-72.0,-81.0,-75.0,-81.0,11.0,3.1000000000000005,00:05:01:858
335,-74.0,-71.0,-68.0,-51.0,-59.0,-57.0,-73.0,-67.0,-72.0,-83.0,-74.0,-77.0,11.0,3.1000000000000005,00:05:02:285
336,-66.0,-70.0,-72.0,-60.0,-57.0,-54.0,-75.0,-74.0,-72.0,-81.0,-80.0,-82.0,11.0,3.1000000000000005,00:05:03:736
337,-74.0,-71.0,-68.0,-54.0,-57.0,-65.0,-78.0,-70.0,-71.0,-82.0,-87.0,-77.0,11.0,3.1000000000000005,00:05:03:948
338,-66.0,-72.0,-68.0,-54.0,-51.0,-65.0,-73.0,-70.0,-68.0,-82.0,-88.0,-78.0,11.0,3.1000000000000005,00:05:04:376
339,-66.0,-71.0,-68.0,-54.0,-52.0,-65.0,-73.0,-74.0,-68.0,-82.0,-87.0,-79.0,11.0,3.1000000000000005,00:05:04:799
340,-75.0,-70.0,-72.0,-54.0,-59.0,-58.0,-77.0,-74.0,-70.0,-81.0,-80.0,-81.0,11.0,3.1000000000000005,00:05:05:005
341,-67.0,-68.0,-78.0,-58.0,-71.0,-58.0,-81.0,-75.0,-67.0,-78.0,-86.0,-84.0,12.0,3.1000000000000005,00:05:57:378
342,-67.0,-68.0,-76.0,-58.0,-71.0,-57.0,-80.0,-75.0,-69.0,-78.0,-85.0,-84.0,12.0,3.1000000000000005,00:05:57:799
343,-70.0,-73.0,-69.0,-61.0,-71.0,-54.0,-80.0,-71.0,-69.0,-75.0,-86.0,-82.0,12.0,3.1000000000000005,00:05:58:012
344,-67.0,-73.0,-69.0,-61.0,-52.0,-54.0,-81.0,-71.0,-69.0,-75.0,-86.0,-82.0,12.0,3.1000000000000005,00:05:58:428
345,-67.0,-72.0,-68.0,-61.0,-52.0,-55.0,-81.0,-72.0,-69.0,-76.0,-86.0,-82.0,12.0,3.1000000000000005,00:05:58:845
346,-71.0,-68.0,-69.0,-61.0,-66.0,-57.0,-79.0,-71.0,-69.0,-78.0,-75.0,-81.0,12.0,3.1000000000000005,00:05:59:893
347,-71.0,-68.0,-69.0,-61.0,-66.0,-57.0,-81.0,-72.0,-69.0,-78.0,-75.0,-81.0,12.0,3.1000000000000005,00:06:00:319
348,-67.0,-68.0,-76.0,-59.0,-71.0,-57.0,-80.0,-75.0,-67.0,-78.0,-86.0,-83.0,12.0,3.1000000000000005,00:06:00:958
349,-67.0,-68.0,-75.0,-59.0,-72.0,-57.0,-80.0,-75.0,-69.0,-78.0,-86.0,-83.0,12.0,3.1000000000000005,00:06:01:383
350,-70.0,-74.0,-69.0,-61.0,-72.0,-54.0,-79.0,-71.0,-69.0,-75.0,-86.0,-80.0,12.0,3.1000000000000005,00:06:01:588
351,-67.0,-74.0,-68.0,-61.0,-52.0,-55.0,-81.0,-71.0,-69.0,-75.0,-86.0,-82.0,12.0,3.1000000000000005,00:06:02:013
352,-67.0,-74.0,-68.0,-61.0,-52.0,-55.0,-81.0,-75.0,-69.0,-76.0,-85.0,-82.0,12.0,3.1000000000000005,00:06:02:438
353,-70.0,-68.0,-75.0,-61.0,-65.0,-57.0,-79.0,-75.0,-67.0,-78.0,-75.0,-82.0,12.0,3.1000000000000005,00:06:02:653
354,-70.0,-68.0,-68.0,-61.0,-65.0,-57.0,-79.0,-71.0,-69.0,-78.0,-75.0,-81.0,12.0,3.1000000000000005,00:06:03:076
355,-70.0,-68.0,-68.0,-63.0,-65.0,-57.0,-81.0,-71.0,-69.0,-78.0,-75.0,-81.0,12.0,3.1000000000000005,00:06:03:497
356,-67.0,-73.0,-76.0,-59.0,-72.0,-57.0,-81.0,-71.0,-67.0,-75.0,-85.0,-82.0,12.0,3.1000000000000005,00:06:03:700
357,-67.0,-73.0,-69.0,-59.0,-72.0,-57.0,-81.0,-71.0,-68.0,-78.0,-82.0,-83.0,12.0,3.1000000000000005,00:06:04:120
358,-67.0,-68.0,-76.0,-58.0,-72.0,-57.0,-80.0,-75.0,-67.0,-78.0,-86.0,-83.0,12.0,3.1000000000000005,00:06:04:545
359,-70.0,-73.0,-68.0,-61.0,-72.0,-55.0,-79.0,-71.0,-69.0,-79.0,-75.0,-81.0,12.0,3.1000000000000005,00:06:04:760
360,-71.0,-71.0,-68.0,-61.0,-72.0,-55.0,-79.0,-71.0,-69.0,-76.0,-87.0,-83.0,12.0,3.1000000000000005,00:06:05:176
361,-67.0,-74.0,-68.0,-61.0,-52.0,-55.0,-81.0,-71.0,-69.0,-75.0,-86.0,-82.0,12.0,3.1000000000000005,00:06:05:589
362,-67.0,-74.0,-68.0,-61.0,-52.0,-55.0,-81.0,-75.0,-69.0,-76.0,-86.0,-82.0,12.0,3.1000000000000005,00:06:06:014
363,-70.0,-67.0,-76.0,-62.0,-65.0,-57.0,-79.0,-75.0,-67.0,-78.0,-85.0,-84.0,12.0,3.1000000000000005,00:06:06:217
364,-71.0,-68.0,-75.0,-61.0,-65.0,-57.0,-79.0,-75.0,-67.0,-78.0,-75.0,-82.0,12.0,3.1000000000000005,00:06:06:631
365,-71.0,-68.0,-68.0,-61.0,-66.0,-57.0,-79.0,-71.0,-69.0,-79.0,-75.0,-81.0,12.0,3.1000000000000005,00:06:07:048
366,-72.0,-68.0,-68.0,-64.0,-66.0,-57.0,-81.0,-71.0,-69.0,-78.0,-75.0,-81.0,12.0,3.1000000000000005,00:06:07:476
367,-67.0,-73.0,-76.0,-58.0,-71.0,-57.0,-81.0,-71.0,-68.0,-78.0,-82.0,-83.0,12.0,3.1000000000000005,00:06:07:694
368,-67.0,-68.0,-75.0,-58.0,-71.0,-57.0,-80.0,-75.0,-67.0,-78.0,-82.0,-84.0,12.0,3.1000000000000005,00:06:08:110
369,-71.0,-74.0,-68.0,-61.0,-72.0,-55.0,-79.0,-72.0,-69.0,-79.0,-75.0,-81.0,12.0,3.1000000000000005,00:06:08:736
370,-71.0,-71.0,-68.0,-61.0,-72.0,-54.0,-79.0,-71.0,-69.0,-75.0,-86.0,-82.0,12.0,3.1000000000000005,00:06:09:155
371,-67.0,-74.0,-68.0,-63.0,-52.0,-55.0,-81.0,-72.0,-69.0,-76.0,-86.0,-82.0,12.0,3.1000000000000005,00:06:09:570
372,-67.0,-73.0,-68.0,-62.0,-52.0,-55.0,-81.0,-75.0,-69.0,-76.0,-86.0,-82.0,12.0,3.1000000000000005,00:06:09:993
373,-72.0,-68.0,-75.0,-61.0,-66.0,-57.0,-79.0,-75.0,-67.0,-78.0,-75.0,-81.0,12.0,3.1000000000000005,00:06:10:210
374,-72.0,-68.0,-68.0,-59.0,-66.0,-57.0,-79.0,-71.0,-69.0,-75.0,-75.0,-81.0,12.0,3.1000000000000005,00:06:10:625
375,-72.0,-68.0,-68.0,-61.0,-66.0,-57.0,-81.0,-71.0,-69.0,-79.0,-75.0,-81.0,12.0,3.1000000000000005,00:06:11:052
376,-67.0,-75.0,-75.0,-58.0,-72.0,-57.0,-81.0,-71.0,-67.0,-78.0,-82.0,-83.0,12.0,3.1000000000000005,00:06:11:263
377,-67.0,-68.0,-75.0,-58.0,-72.0,-57.0,-80.0,-75.0,-67.0,-78.0,-82.0,-83.0,12.0,3.1000000000000005,00:06:11:686
378,-67.0,-68.0,-75.0,-59.0,-71.0,-57.0,-80.0,-75.0,-69.0,-78.0,-85.0,-84.0,12.0,3.1000000000000005,00:06:12:104
379,-72.0,-74.0,-68.0,-61.0,-71.0,-54.0,-79.0,-71.0,-69.0,-75.0,-86.0,-82.0,12.0,3.1000000000000005,00:06:12:322
380,-72.0,-70.0,-68.0,-61.0,-72.0,-55.0,-69.0,-71.0,-69.0,-76.0,-86.0,-82.0,12.0,3.1000000000000005,00:06:12:733
381,-67.0,-74.0,-68.0,-61.0,-52.0,-55.0,-81.0,-71.0,-69.0,-78.0,-85.0,-82.0,12.0,3.1000000000000005,00:06:13:146
382,-67.0,-75.0,-68.0,-63.0,-53.0,-54.0,-81.0,-75.0,-69.0,-76.0,-86.0,-82.0,12.0,3.1000000000000005,00:06:13:562
383,-72.0,-68.0,-76.0,-62.0,-66.0,-57.0,-79.0,-75.0,-67.0,-78.0,-86.0,-81.0,12.0,3.1000000000000005,00:06:13:775
384,-72.0,-68.0,-68.0,-62.0,-65.0,-57.0,-79.0,-71.0,-69.0,-78.0,-75.0,-81.0,12.0,3.1000000000000005,00:06:14:196
385,-72.0,-68.0,-68.0,-61.0,-66.0,-57.0,-79.0,-71.0,-69.0,-78.0,-75.0,-81.0,12.0,3.1000000000000005,00:06:14:612
386,-72.0,-68.0,-68.0,-58.0,-65.0,-57.0,-81.0,-71.0,-69.0,-78.0,-75.0,-83.0,12.0,3.1000000000000005,00:06:15:022
387,-67.0,-75.0,-75.0,-58.0,-72.0,-57.0,-81.0,-72.0,-67.0,-78.0,-82.0,-84.0,12.0,3.1000000000000005,00:06:15:236
388,-67.0,-68.0,-75.0,-58.0,-72.0,-61.0,-80.0,-75.0,-67.0,-78.0,-82.0,-83.0,12.0,3.1000000000000005,00:06:15:657
389,-67.0,-68.0,-75.0,-58.0,-72.0,-57.0,-80.0,-75.0,-67.0,-78.0,-86.0,-83.0,12.0,3.1000000000000005,00:06:16:071
390,-72.0,-74.0,-68.0,-61.0,-72.0,-54.0,-79.0,-71.0,-69.0,-76.0,-88.0,-80.0,12.0,3.1000000000000005,00:06:16:687
391,-72.0,-70.0,-68.0,-64.0,-73.0,-54.0,-81.0,-71.0,-69.0,-75.0,-86.0,-82.0,12.0,3.1000000000000005,00:06:17:104
392,-67.0,-74.0,-68.0,-61.0,-52.0,-54.0,-81.0,-75.0,-69.0,-76.0,-86.0,-82.0,12.0,3.1000000000000005,00:06:17:937
393,-67.0,-73.0,-75.0,-78.0,-71.0,-55.0,-81.0,-71.0,-67.0,-76.0,-86.0,-82.0,12.0,3.1000000000000005,00:06:19:200
394,-67.0,-74.0,-75.0,-60.0,-72.0,-57.0,-81.0,-71.0,-67.0,-78.0,-82.0,-83.0,12.0,3.1000000000000005,00:06:19:615
395,-67.0,-68.0,-75.0,-59.0,-71.0,-57.0,-80.0,-75.0,-67.0,-78.0,-83.0,-84.0,12.0,3.1000000000000005,00:06:20:031
396,-67.0,-68.0,-75.0,-58.0,-71.0,-57.0,-80.0,-75.0,-69.0,-78.0,-86.0,-83.0,12.0,3.1000000000000005,00:06:20:452
397,-71.0,-73.0,-68.0,-61.0,-66.0,-52.0,-79.0,-71.0,-69.0,-78.0,-77.0,-81.0,12.0,3.1000000000000005,00:06:20:656
398,-72.0,-70.0,-68.0,-61.0,-71.0,-54.0,-69.0,-71.0,-69.0,-75.0,-86.0,-82.0,12.0,3.1000000000000005,00:06:21:081
399,-67.0,-73.0,-68.0,-61.0,-53.0,-55.0,-81.0,-71.0,-69.0,-76.0,-86.0,-82.0,12.0,3.1000000000000005,00:06:21:499
400,-72.0,-68.0,-75.0,-58.0,-61.0,-57.0,-79.0,-77.0,-67.0,-78.0,-87.0,-84.0,12.0,3.1000000000000005,00:06:21:716
401,-71.0,-68.0,-68.0,-64.0,-66.0,-57.0,-79.0,-71.0,-69.0,-75.0,-76.0,-81.0,12.0,3.1000000000000005,00:06:22:554
402,-71.0,-68.0,-68.0,-61.0,-66.0,-57.0,-81.0,-71.0,-69.0,-78.0,-75.0,-83.0,12.0,3.1000000000000005,00:06:22:974
403,-67.0,-73.0,-75.0,-54.0,-71.0,-57.0,-81.0,-71.0,-67.0,-76.0,-82.0,-83.0,12.0,3.1000000000000005,00:06:23:185
404,-67.0,-73.0,-70.0,-58.0,-71.0,-57.0,-81.0,-71.0,-67.0,-78.0,-82.0,-83.0,12.0,3.1000000000000005,00:06:23:598
405,-67.0,-68.0,-75.0,-59.0,-71.0,-57.0,-80.0,-75.0,-67.0,-78.0,-85.0,-83.0,12.0,3.1000000000000005,00:06:24:015
406,-67.0,-68.0,-75.0,-58.0,-71.0,-57.0,-80.0,-75.0,-69.0,-78.0,-86.0,-84.0,12.0,3.1000000000000005,00:06:24:430
407,-71.0,-73.0,-68.0,-62.0,-71.0,-54.0,-79.0,-71.0,-69.0,-75.0,-86.0,-81.0,12.0,3.1000000000000005,00:06:24:639
408,-72.0,-72.0,-68.0,-61.0,-71.0,-54.0,-79.0,-71.0,-69.0,-76.0,-86.0,-82.0,12.0,3.1000000000000005,00:06:25:053
409,-67.0,-73.0,-68.0,-61.0,-52.0,-55.0,-81.0,-71.0,-69.0,-75.0,-86.0,-82.0,12.0,3.1000000000000005,00:06:25:467
410,-67.0,-73.0,-68.0,-61.0,-52.0,-55.0,-81.0,-75.0,-69.0,-76.0,-86.0,-82.0,12.0,3.1000000000000005,00:06:25:888
411,-71.0,-68.0,-76.0,-63.0,-66.0,-57.0,-79.0,-75.0,-67.0,-78.0,-86.0,-81.0,12.0,3.1000000000000005,00:06:26:104
412,-71.0,-68.0,-69.0,-61.0,-66.0,-57.0,-79.0,-72.0,-69.0,-78.0,-75.0,-82.0,12.0,3.1000000000000005,00:06:26:520
413,-67.0,-68.0,-76.0,-58.0,-72.0,-57.0,-80.0,-75.0,-67.0,-78.0,-83.0,-84.0,12.0,3.1000000000000005,00:06:27:985
414,-67.0,-68.0,-76.0,-57.0,-72.0,-57.0,-80.0,-75.0,-69.0,-78.0,-87.0,-84.0,12.0,3.1000000000000005,00:06:28:407
415,-67.0,-70.0,-68.0,-61.0,-72.0,-54.0,-81.0,-71.0,-69.0,-75.0,-86.0,-82.0,12.0,3.1000000000000005,00:06:29:034
416,-67.0,-73.0,-69.0,-61.0,-52.0,-54.0,-81.0,-75.0,-69.0,-76.0,-86.0,-82.0,12.0,3.1000000000000005,00:06:29:458
417,-72.0,-68.0,-76.0,-61.0,-66.0,-57.0,-79.0,-75.0,-68.0,-78.0,-86.0,-81.0,12.0,3.1000000000000005,00:06:29:675
418,-72.0,-68.0,-68.0,-61.0,-65.0,-57.0,-79.0,-71.0,-69.0,-78.0,-76.0,-81.0,12.0,3.1000000000000005,00:06:30:095
419,-71.0,-68.0,-68.0,-61.0,-66.0,-57.0,-79.0,-72.0,-69.0,-79.0,-76.0,-81.0,12.0,3.1000000000000005,00:06:30:505
420,-71.0,-68.0,-68.0,-61.0,-66.0,-57.0,-81.0,-71.0,-69.0,-78.0,-76.0,-81.0,12.0,3.1000000000000005,00:06:30:927
421,-67.0,-73.0,-76.0,-58.0,-71.0,-57.0,-81.0,-72.0,-67.0,-76.0,-82.0,-83.0,12.0,3.1000000000000005,00:06:31:130
422,-69.0,-68.0,-76.0,-59.0,-72.0,-57.0,-80.0,-75.0,-68.0,-78.0,-82.0,-83.0,12.0,3.1000000000000005,00:06:31:558
423,-67.0,-68.0,-76.0,-58.0,-72.0,-57.0,-80.0,-75.0,-69.0,-78.0,-86.0,-83.0,12.0,3.1000000000000005,00:06:31:986
424,-72.0,-73.0,-68.0,-61.0,-71.0,-55.0,-79.0,-71.0,-69.0,-75.0,-86.0,-81.0,12.0,3.1000000000000005,00:06:32:193
425,-72.0,-70.0,-68.0,-62.0,-72.0,-55.0,-81.0,-72.0,-69.0,-75.0,-86.0,-82.0,12.0,3.1000000000000005,00:06:32:611
426,-67.0,-73.0,-68.0,-61.0,-52.0,-55.0,-81.0,-72.0,-69.0,-76.0,-87.0,-82.0,12.0,3.1000000000000005,00:06:33:027
427,-72.0,-68.0,-75.0,-61.0,-66.0,-57.0,-79.0,-75.0,-67.0,-79.0,-76.0,-82.0,12.0,3.1000000000000005,00:06:33:658
428,-72.0,-68.0,-68.0,-62.0,-65.0,-57.0,-79.0,-71.0,-69.0,-79.0,-75.0,-82.0,12.0,3.1000000000000005,00:06:34:069
429,-67.0,-73.0,-75.0,-59.0,-72.0,-57.0,-81.0,-72.0,-67.0,-76.0,-82.0,-83.0,12.0,3.1000000000000005,00:06:34:706
430,-67.0,-73.0,-76.0,-57.0,-72.0,-57.0,-81.0,-71.0,-67.0,-78.0,-82.0,-84.0,12.0,3.1000000000000005,00:06:35:122
431,-67.0,-68.0,-76.0,-58.0,-72.0,-57.0,-80.0,-75.0,-69.0,-78.0,-86.0,-83.0,12.0,3.1000000000000005,00:06:35:554
432,-72.0,-74.0,-68.0,-61.0,-72.0,-55.0,-79.0,-71.0,-69.0,-78.0,-76.0,-81.0,12.0,3.1000000000000005,00:06:35:766
433,-73.0,-73.0,-68.0,-61.0,-52.0,-55.0,-81.0,-71.0,-69.0,-76.0,-86.0,-82.0,12.0,3.1000000000000005,00:06:36:609
434,-71.0,-68.0,-75.0,-61.0,-65.0,-57.0,-79.0,-75.0,-67.0,-78.0,-75.0,-81.0,12.0,3.1000000000000005,00:06:37:244
435,-71.0,-68.0,-68.0,-65.0,-66.0,-57.0,-79.0,-71.0,-69.0,-78.0,-75.0,-81.0,12.0,3.1000000000000005,00:06:37:662
436,-67.0,-73.0,-75.0,-57.0,-71.0,-57.0,-81.0,-72.0,-67.0,-78.0,-82.0,-84.0,12.0,3.1000000000000005,00:06:38:301
437,-67.0,-67.0,-75.0,-59.0,-71.0,-58.0,-80.0,-75.0,-67.0,-78.0,-82.0,-84.0,12.0,3.1000000000000005,00:06:38:710
438,-67.0,-67.0,-75.0,-58.0,-72.0,-57.0,-80.0,-75.0,-67.0,-78.0,-87.0,-84.0,12.0,3.1000000000000005,00:06:39:125
439,-67.0,-68.0,-75.0,-57.0,-71.0,-57.0,-80.0,-75.0,-69.0,-78.0,-85.0,-84.0,12.0,3.1000000000000005,00:06:39:536
440,-72.0,-73.0,-69.0,-61.0,-72.0,-55.0,-79.0,-72.0,-69.0,-75.0,-86.0,-81.0,12.0,3.1000000000000005,00:06:39:747
441,-67.0,-72.0,-68.0,-61.0,-51.0,-54.0,-81.0,-71.0,-69.0,-76.0,-85.0,-82.0,12.0,3.1000000000000005,00:06:40:168
442,-67.0,-72.0,-69.0,-61.0,-53.0,-55.0,-81.0,-71.0,-69.0,-76.0,-85.0,-82.0,12.0,3.1000000000000005,00:06:40:581
443,-72.0,-68.0,-76.0,-57.0,-62.0,-57.0,-79.0,-75.0,-67.0,-78.0,-75.0,-83.0,12.0,3.1000000000000005,00:06:40:798
444,-67.0,-68.0,-74.0,-57.0,-71.0,-57.0,-80.0,-75.0,-67.0,-78.0,-86.0,-84.0,12.0,3.1000000000000005,00:06:41:109
445,-71.0,-68.0,-72.0,-62.0,-66.0,-54.0,-79.0,-71.0,-69.0,-78.0,-75.0,-81.0,12.0,3.1000000000000005,00:06:41:324
446,-71.0,-72.0,-68.0,-61.0,-72.0,-54.0,-79.0,-71.0,-69.0,-75.0,-86.0,-82.0,12.0,3.1000000000000005,00:06:41:747
447,-67.0,-72.0,-68.0,-61.0,-52.0,-55.0,-80.0,-75.0,-69.0,-76.0,-86.0,-82.0,12.0,3.1000000000000005,00:06:42:585
448,-71.0,-67.0,-75.0,-61.0,-66.0,-57.0,-79.0,-76.0,-67.0,-79.0,-75.0,-81.0,12.0,3.1000000000000005,00:06:43:198
449,-71.0,-68.0,-68.0,-60.0,-66.0,-57.0,-79.0,-72.0,-69.0,-78.0,-75.0,-82.0,12.0,3.1000000000000005,00:06:43:618
450,-71.0,-67.0,-68.0,-61.0,-66.0,-57.0,-81.0,-72.0,-69.0,-78.0,-75.0,-81.0,12.0,3.1000000000000005,00:06:44:043
451,-67.0,-72.0,-75.0,-58.0,-72.0,-57.0,-82.0,-71.0,-67.0,-82.0,-82.0,-84.0,12.0,3.1000000000000005,00:06:44:256
452,-67.0,-65.0,-70.0,-58.0,-72.0,-57.0,-81.0,-71.0,-67.0,-78.0,-83.0,-83.0,12.0,3.1000000000000005,00:06:44:669
453,-71.0,-67.0,-68.0,-61.0,-66.0,-57.0,-79.0,-72.0,-69.0,-78.0,-75.0,-81.0,12.0,3.1000000000000005,00:06:45:611
454,-67.0,-72.0,-68.0,-62.0,-52.0,-54.0,-81.0,-71.0,-69.0,-76.0,-86.0,-82.0,12.0,3.1000000000000005,00:06:46:141
455,-67.0,-72.0,-68.0,-61.0,-53.0,-55.0,-81.0,-75.0,-69.0,-76.0,-86.0,-82.0,12.0,3.1000000000000005,00:06:46:561
456,-71.0,-67.0,-76.0,-61.0,-66.0,-57.0,-79.0,-75.0,-67.0,-78.0,-86.0,-82.0,12.0,3.1000000000000005,00:06:46:769
457,-71.0,-67.0,-68.0,-61.0,-65.0,-57.0,-79.0,-72.0,-69.0,-78.0,-75.0,-82.0,12.0,3.1000000000000005,00:06:47:188
458,-71.0,-67.0,-68.0,-60.0,-66.0,-57.0,-79.0,-72.0,-69.0,-79.0,-75.0,-81.0,12.0,3.1000000000000005,00:06:47:606
459,-67.0,-72.0,-76.0,-79.0,-72.0,-54.0,-81.0,-71.0,-67.0,-76.0,-85.0,-82.0,12.0,3.1000000000000005,00:06:47:819
460,-67.0,-72.0,-70.0,-58.0,-72.0,-57.0,-81.0,-71.0,-67.0,-78.0,-82.0,-84.0,12.0,3.1000000000000005,00:06:48:243
461,-67.0,-68.0,-75.0,-58.0,-72.0,-57.0,-80.0,-75.0,-69.0,-78.0,-86.0,-83.0,12.0,3.1000000000000005,00:06:49:071
462,-71.0,-72.0,-68.0,-61.0,-72.0,-54.0,-79.0,-71.0,-69.0,-76.0,-85.0,-82.0,12.0,3.1000000000000005,00:06:49:690
463,-71.0,-70.0,-69.0,-61.0,-71.0,-54.0,-81.0,-71.0,-69.0,-75.0,-85.0,-82.0,12.0,3.1000000000000005,00:06:50:101
464,-71.0,-68.0,-75.0,-61.0,-61.0,-57.0,-79.0,-75.0,-67.0,-78.0,-86.0,-82.0,12.0,3.1000000000000005,00:06:50:740
465,-71.0,-67.0,-76.0,-61.0,-65.0,-57.0,-79.0,-75.0,-67.0,-78.0,-75.0,-82.0,12.0,3.1000000000000005,00:06:51:157
466,-71.0,-67.0,-68.0,-60.0,-66.0,-57.0,-79.0,-72.0,-69.0,-78.0,-75.0,-81.0,12.0,3.1000000000000005,00:06:51:574
467,-71.0,-68.0,-68.0,-61.0,-66.0,-57.0,-79.0,-72.0,-69.0,-78.0,-75.0,-81.0,12.0,3.1000000000000005,00:06:51:986
468,-67.0,-72.0,-75.0,-58.0,-72.0,-57.0,-81.0,-71.0,-67.0,-78.0,-82.0,-84.0,12.0,3.1000000000000005,00:06:52:610
469,-67.0,-67.0,-75.0,-54.0,-72.0,-58.0,-80.0,-75.0,-67.0,-78.0,-86.0,-84.0,12.0,3.1000000000000005,00:06:53:035
470,-71.0,-72.0,-68.0,-61.0,-72.0,-54.0,-79.0,-71.0,-69.0,-77.0,-86.0,-82.0,12.0,3.1000000000000005,00:06:53:671
471,-67.0,-72.0,-68.0,-61.0,-52.0,-54.0,-81.0,-71.0,-69.0,-75.0,-85.0,-82.0,12.0,3.1000000000000005,00:06:54:084
472,-67.0,-72.0,-68.0,-64.0,-52.0,-54.0,-81.0,-75.0,-69.0,-76.0,-86.0,-81.0,12.0,3.1000000000000005,00:06:54:507
473,-71.0,-67.0,-75.0,-63.0,-66.0,-57.0,-79.0,-75.0,-67.0,-78.0,-86.0,-81.0,12.0,3.1000000000000005,00:06:54:717
474,-71.0,-68.0,-68.0,-61.0,-66.0,-57.0,-79.0,-72.0,-69.0,-78.0,-75.0,-82.0,12.0,3.1000000000000005,00:06:55:139
475,-71.0,-68.0,-68.0,-62.0,-65.0,-57.0,-79.0,-71.0,-69.0,-78.0,-75.0,-81.0,12.0,3.1000000000000005,00:06:55:552
476,-67.0,-72.0,-75.0,-54.0,-72.0,-57.0,-81.0,-72.0,-67.0,-78.0,-82.0,-84.0,12.0,3.1000000000000005,00:06:56:188
477,-67.0,-68.0,-75.0,-59.0,-72.0,-57.0,-80.0,-75.0,-67.0,-78.0,-86.0,-83.0,12.0,3.1000000000000005,00:06:56:608
478,-67.0,-68.0,-75.0,-57.0,-72.0,-57.0,-80.0,-75.0,-69.0,-78.0,-86.0,-84.0,12.0,3.1000000000000005,00:06:57:026
479,-71.0,-72.0,-68.0,-61.0,-72.0,-54.0,-79.0,-74.0,-69.0,-76.0,-86.0,-81.0,12.0,3.1000000000000005,00:06:57:233
480,-67.0,-72.0,-68.0,-61.0,-72.0,-54.0,-81.0,-71.0,-69.0,-75.0,-85.0,-82.0,12.0,3.1000000000000005,00:06:57:656
481,-71.0,-68.0,-75.0,-62.0,-65.0,-57.0,-79.0,-75.0,-67.0,-78.0,-85.0,-82.0,12.0,3.1000000000000005,00:06:58:295
482,-71.0,-68.0,-68.0,-65.0,-65.0,-57.0,-79.0,-72.0,-69.0,-78.0,-75.0,-82.0,12.0,3.1000000000000005,00:06:58:715
483,-71.0,-68.0,-68.0,-60.0,-65.0,-57.0,-81.0,-72.0,-69.0,-78.0,-75.0,-83.0,12.0,3.1000000000000005,00:06:59:145
484,-67.0,-73.0,-75.0,-78.0,-72.0,-55.0,-81.0,-71.0,-67.0,-85.0,-82.0,-82.0,12.0,3.1000000000000005,00:06:59:350
485,-67.0,-68.0,-75.0,-59.0,-72.0,-57.0,-80.0,-75.0,-67.0,-78.0,-82.0,-84.0,12.0,3.1000000000000005,00:06:59:775
486,-71.0,-73.0,-68.0,-61.0,-72.0,-54.0,-79.0,-71.0,-69.0,-75.0,-86.0,-82.0,12.0,3.1000000000000005,00:07:00:822
487,-67.0,-73.0,-68.0,-61.0,-52.0,-54.0,-81.0,-71.0,-69.0,-78.0,-85.0,-82.0,12.0,3.1000000000000005,00:07:01:245
488,-67.0,-68.0,-75.0,-58.0,-65.0,-57.0,-79.0,-75.0,-67.0,-78.0,-86.0,-84.0,12.0,3.1000000000000005,00:07:01:463
489,-71.0,-67.0,-75.0,-61.0,-65.0,-57.0,-79.0,-75.0,-67.0,-78.0,-75.0,-82.0,12.0,3.1000000000000005,00:07:01:888
490,-71.0,-67.0,-68.0,-63.0,-65.0,-58.0,-79.0,-72.0,-69.0,-78.0,-75.0,-81.0,12.0,3.1000000000000005,00:07:02:305
491,-71.0,-67.0,-68.0,-61.0,-65.0,-57.0,-81.0,-73.0,-69.0,-78.0,-75.0,-81.0,12.0,3.1000000000000005,00:07:02:725
492,-67.0,-73.0,-75.0,-59.0,-72.0,-57.0,-81.0,-71.0,-67.0,-76.0,-82.0,-83.0,12.0,3.1000000000000005,00:07:02:937
493,-67.0,-67.0,-75.0,-59.0,-72.0,-58.0,-80.0,-75.0,-69.0,-78.0,-86.0,-83.0,12.0,3.1000000000000005,00:07:03:781
494,-71.0,-73.0,-68.0,-61.0,-72.0,-54.0,-79.0,-71.0,-69.0,-75.0,-85.0,-81.0,12.0,3.1000000000000005,00:07:03:990
495,-71.0,-70.0,-68.0,-61.0,-72.0,-54.0,-79.0,-71.0,-69.0,-75.0,-85.0,-82.0,12.0,3.1000000000000005,00:07:04:410
496,-67.0,-73.0,-68.0,-61.0,-52.0,-54.0,-81.0,-71.0,-69.0,-76.0,-85.0,-82.0,12.0,3.1000000000000005,00:07:04:836
497,-71.0,-67.0,-75.0,-61.0,-61.0,-57.0,-79.0,-75.0,-68.0,-78.0,-86.0,-81.0,12.0,3.1000000000000005,00:07:05:051
498,-71.0,-67.0,-68.0,-61.0,-65.0,-57.0,-79.0,-72.0,-69.0,-78.0,-75.0,-82.0,12.0,3.1000000000000005,00:07:05:473
499,-71.0,-68.0,-68.0,-60.0,-65.0,-58.0,-79.0,-72.0,-69.0,-78.0,-86.0,-81.0,12.0,3.1000000000000005,00:07:05:898
